a,b,c,class
199,197,162,2
80,113,182,1
210,209,213,2
150,154,118,2
180,176,128,2
186,184,143,2
180,178,137,2
90,88,34,2
53,57,21,2
173,172,122,2
202,201,163,2
163,162,112,2
197,197,203,2
53,57,21,2
60,105,255,2
172,171,121,2
130,159,226,1
199,197,163,2
180,177,132,2
1,3,0,2
154,154,100,2
153,156,110,2
103,140,208,1
158,161,122,2
155,182,232,1
181,181,135,2
193,192,154,2
99,143,197,1
172,168,119,2
172,171,120,2
197,196,158,2
122,157,223,1
193,192,154,2
167,164,113,2
176,176,122,2
11,14,5,2
181,193,247,1
255,255,255,2
163,162,112,2
136,134,80,2
178,175,131,2
154,157,118,2
166,163,119,2
180,177,132,2
193,192,154,2
70,71,21,2
158,178,233,1
134,136,106,2
150,188,253,1
49,47,17,2
200,198,163,2
8,0,72,2
20,67,51,2
108,109,59,2
180,177,132,2
166,166,118,2
50,88,136,1
179,193,241,1
201,200,162,2
169,182,238,1
150,152,100,2
53,95,148,1
51,104,161,1
89,120,181,1
54,58,22,2
53,112,181,1
132,132,132,2
51,56,25,2
133,139,98,2
182,183,167,2
13,7,186,2
2,0,0,2
177,176,126,2
56,73,130,1
107,106,50,2
55,56,22,2
147,190,253,1
64,56,19,2
29,28,7,2
53,57,22,2
172,170,122,2
167,163,114,2
72,82,122,1
16,15,1,2
55,60,21,2
48,111,179,1
0,3,182,2
129,132,93,2
150,168,229,1
186,187,143,2
74,163,77,2
29,75,53,2
51,52,12,2
186,185,141,2
237,226,218,2
158,144,132,2
245,239,220,2
145,167,225,1
156,157,107,2
139,140,90,2
158,182,128,2
88,27,25,2
175,172,127,2
62,117,174,1
140,139,81,2
103,105,69,2
199,198,160,2
182,179,135,2
72,83,121,1
158,155,104,2
116,117,67,2
56,58,22,2
50,164,51,2
180,177,132,2
172,172,126,2
69,70,26,2
32,31,0,2
55,111,170,1
155,158,113,2
164,161,123,2
195,193,153,2
148,150,98,2
15,6,187,2
178,176,128,2
51,111,177,1
162,160,112,2
158,162,126,2
18,18,6,2
17,15,4,2
118,120,68,2
8,9,7,2
160,172,226,1
76,74,43,2
113,150,210,1
65,132,201,1
176,180,128,2
180,214,177,2
94,140,217,1
192,190,149,2
123,154,223,1
197,195,160,2
78,81,32,2
107,110,165,1
182,179,135,2
170,164,117,2
183,184,142,2
182,180,132,2
139,141,89,2
19,20,10,2
153,157,116,2
177,178,136,2
178,175,131,2
111,112,56,2
123,163,212,1
2,0,0,2
151,153,94,2
70,71,27,2
141,144,95,2
172,169,124,2
97,143,221,1
137,140,91,2
162,159,114,2
50,50,14,2
61,82,134,1
127,130,75,2
195,108,166,2
192,192,144,2
154,154,108,2
76,87,131,1
55,92,136,1
148,190,255,1
53,57,22,2
179,176,131,2
168,165,114,2
148,147,89,2
178,176,128,2
158,196,254,1
127,133,84,2
175,174,123,2
187,185,145,2
148,147,91,2
111,116,61,2
239,230,227,2
47,48,46,2
119,156,224,1
91,194,189,2
197,196,158,2
196,195,161,2
146,199,142,2
137,138,88,2
99,134,77,2
164,163,113,2
202,201,163,2
43,40,9,2
58,55,17,2
172,169,124,2
158,160,118,2
51,54,38,2
37,36,10,2
110,144,203,1
55,54,40,2
148,146,92,2
139,142,93,2
133,173,221,1
128,255,255,2
34,36,7,2
178,176,128,2
107,130,102,2
131,134,89,2
83,41,255,2
119,154,218,1
205,204,170,2
155,177,235,1
186,185,141,2
155,190,230,1
57,57,21,2
179,176,132,2
180,179,135,2
172,188,235,1
232,218,82,2
189,187,146,2
2,0,183,2
26,13,151,2
239,201,166,2
39,40,6,2
108,152,205,1
173,171,123,2
100,106,159,1
197,121,68,2
158,160,118,2
129,126,71,2
16,16,2,2
97,91,72,2
163,161,113,2
56,83,217,2
172,169,124,2
231,215,92,2
139,138,82,2
170,168,120,2
163,87,165,2
244,232,228,2
141,139,91,2
182,179,135,2
139,137,96,2
184,183,132,2
188,190,161,2
177,176,132,2
153,122,101,2
135,121,133,2
82,51,202,2
178,175,131,2
15,14,10,2
53,57,21,2
105,158,225,1
177,174,129,2
138,169,222,1
177,176,126,2
159,176,227,1
39,84,135,1
109,105,56,2
61,26,236,2
128,133,88,2
11,14,5,2
121,124,74,2
201,199,199,2
57,59,23,2
138,137,86,2
202,154,48,2
205,217,253,1
130,163,219,1
5,4,0,2
249,239,222,2
201,200,162,2
90,89,33,2
173,172,122,2
142,141,85,2
160,158,104,2
201,200,162,2
165,166,127,2
157,161,125,2
193,191,156,2
127,127,127,2
137,140,90,2
175,173,125,2
81,47,207,2
201,199,164,2
159,179,234,1
200,207,250,1
76,75,55,2
198,198,158,2
175,174,124,2
232,215,75,2
70,120,178,1
52,51,13,2
182,180,146,2
172,169,124,2
58,99,148,1
164,162,114,2
4,0,184,2
3,1,7,2
139,138,80,2
205,204,170,2
174,176,124,2
5,5,5,2
157,162,123,2
141,143,101,2
175,173,125,2
166,166,126,2
151,189,253,1
69,70,26,2
202,201,163,2
55,60,28,2
24,23,13,2
165,88,146,2
11,191,250,2
3,5,0,2
199,197,162,2
155,172,223,1
164,160,112,2
43,41,11,2
167,167,119,2
50,50,36,2
162,166,124,2
198,198,158,2
164,163,113,2
2,2,0,2
13,14,4,2
59,25,233,2
200,213,221,2
106,105,47,2
12,12,0,2
198,208,218,2
60,64,23,2
111,149,207,1
108,111,62,2
158,155,104,2
164,164,116,2
18,15,1,2
64,67,28,2
163,162,112,2
133,192,131,2
199,198,160,2
92,90,36,2
118,156,220,1
178,175,130,2
204,214,254,1
128,132,91,2
198,196,162,2
171,185,237,1
58,59,19,2
54,55,21,2
110,106,57,2
90,89,39,2
55,62,29,2
192,189,161,2
42,105,149,1
49,48,28,2
198,197,159,2
55,59,23,2
98,16,4,2
190,188,148,2
121,154,217,1
116,154,226,1
54,55,16,2
200,198,163,2
153,156,111,2
201,199,159,2
39,39,9,2
197,131,196,2
3,1,1,2
15,14,0,2
50,124,112,2
72,93,144,1
159,160,110,2
84,95,133,1
199,197,163,2
172,142,125,2
175,180,241,1
164,162,114,2
181,172,139,2
184,182,134,2
202,200,165,2
79,77,47,2
179,176,132,2
167,183,236,1
163,183,238,1
179,179,133,2
198,198,158,2
223,152,84,2
173,172,121,2
164,165,115,2
25,40,19,2
138,139,89,2
126,160,214,1
198,199,160,2
122,130,100,2
183,182,132,2
153,168,224,1
137,136,78,2
148,116,97,2
74,82,122,1
81,82,43,2
55,59,23,2
56,53,45,2
158,162,126,2
152,157,112,2
113,113,113,2
96,147,220,1
29,36,29,2
82,114,190,1
93,138,219,1
190,91,117,2
137,133,92,2
54,55,23,2
98,147,217,1
108,125,228,2
159,162,123,2
23,21,13,2
164,164,116,2
183,182,138,2
251,255,180,2
176,171,126,2
166,164,110,2
85,121,185,1
20,17,3,2
60,127,42,2
53,57,22,2
104,138,197,1
167,163,114,2
199,197,162,2
22,24,2,2
125,161,225,1
164,163,112,2
145,148,93,2
159,162,123,2
53,54,20,2
14,13,0,2
161,164,115,2
55,41,189,2
180,180,132,2
166,182,235,1
205,204,170,2
51,53,17,2
72,57,218,2
8,7,11,2
99,100,60,2
122,160,214,1
32,14,131,2
97,138,201,1
50,101,164,1
169,168,118,2
172,168,119,2
116,151,224,1
120,157,219,1
163,161,113,2
20,64,47,2
39,0,0,2
197,196,158,2
178,176,136,2
98,138,190,1
10,2,0,2
199,197,163,2
131,134,95,2
50,48,47,2
201,200,162,2
68,87,132,1
50,50,14,2
176,175,184,2
198,198,158,2
71,152,119,2
70,72,26,2
181,182,140,2
108,155,217,1
26,28,16,2
72,70,30,2
131,155,53,2
1,2,0,2
234,221,219,2
198,197,159,2
199,197,162,2
167,171,165,2
185,183,143,2
53,97,144,1
185,185,139,2
255,116,249,2
177,173,125,2
124,161,219,1
126,127,95,2
195,194,156,2
201,200,162,2
165,163,109,2
5,4,0,2
201,200,162,2
53,114,180,1
174,170,129,2
206,205,171,2
198,196,162,2
124,174,40,2
96,30,11,2
175,173,125,2
53,54,15,2
175,172,127,2
174,173,123,2
17,180,18,2
198,196,162,2
55,56,22,2
57,58,18,2
170,170,156,2
129,129,129,2
69,70,26,2
41,45,10,2
3,1,0,2
55,56,24,2
97,150,223,1
139,174,237,1
143,146,101,2
140,184,248,1
38,73,47,2
164,163,113,2
117,158,203,1
66,67,23,2
142,173,236,1
163,162,112,2
165,163,115,2
33,32,6,2
172,171,121,2
52,48,37,2
29,63,39,2
202,201,163,2
126,89,27,2
28,31,5,2
105,108,59,2
255,255,255,2
116,157,226,1
110,160,26,2
168,169,119,2
168,167,116,2
69,71,25,2
170,169,118,2
178,175,131,2
57,79,144,1
67,85,146,1
198,196,161,2
132,136,94,2
240,246,251,2
84,81,60,2
55,59,23,2
61,101,153,1
201,199,164,2
174,172,124,2
171,170,136,2
130,171,220,1
4,2,1,2
121,156,224,1
93,198,195,2
107,106,48,2
160,163,124,2
165,164,114,2
229,207,201,2
172,169,124,2
88,87,31,2
165,164,113,2
114,149,215,1
148,139,230,2
154,158,117,2
205,204,170,2
182,179,135,2
157,192,248,1
115,148,217,1
161,159,118,2
174,174,128,2
115,170,231,1
213,225,231,2
189,206,255,1
36,58,34,2
124,0,125,2
141,140,82,2
129,129,183,1
77,76,26,2
121,151,222,1
81,88,131,1
145,144,88,2
178,175,130,2
178,176,128,2
177,175,127,2
175,178,128,2
117,157,209,1
117,116,58,2
53,56,17,2
51,53,17,2
113,114,74,2
102,148,225,1
62,89,139,1
178,176,128,2
181,181,133,2
19,20,11,2
181,179,138,2
97,134,208,1
176,172,123,2
164,162,114,2
15,125,7,2
91,135,219,1
5,2,0,2
43,41,10,2
146,112,46,2
170,181,233,1
63,64,20,2
21,16,108,2
6,5,1,2
68,80,128,1
150,153,107,2
29,25,1,2
167,163,114,2
52,99,151,1
198,197,159,2
184,185,141,2
46,106,160,1
142,179,229,1
76,79,30,2
157,161,126,2
156,156,120,2
177,174,183,2
173,187,240,1
171,175,126,2
57,115,174,1
131,164,220,1
165,164,114,2
31,30,2,2
172,170,122,2
145,141,92,2
185,180,135,2
201,200,162,2
138,185,253,1
77,84,127,1
25,28,13,2
78,83,128,1
3,22,151,2
149,153,211,2
21,19,1,2
139,144,93,2
142,141,85,2
101,147,224,1
16,7,188,2
68,69,25,2
11,9,0,2
32,34,5,2
105,108,163,1
57,121,186,1
181,179,131,2
178,175,131,2
59,119,185,1
101,226,247,2
149,152,106,2
125,132,87,2
171,171,125,2
174,177,132,2
200,198,163,2
194,192,151,2
138,157,18,2
111,152,215,1
167,164,113,2
57,97,149,1
155,192,254,1
96,140,211,1
32,32,8,2
162,160,120,2
152,155,110,2
179,177,129,2
172,187,233,1
176,173,128,2
179,177,129,2
124,164,216,1
98,146,218,1
42,42,12,2
50,52,16,2
56,110,157,1
152,150,96,2
107,147,222,1
127,133,84,2
28,46,23,2
112,151,203,1
133,133,187,1
162,172,129,2
56,115,171,1
99,145,222,1
15,13,3,2
0,0,170,2
105,108,58,2
173,172,122,2
185,183,135,2
8,7,3,2
116,152,212,1
195,191,156,2
2,0,0,2
117,153,207,1
60,106,154,1
248,250,250,2
20,20,4,2
53,53,53,2
96,94,60,2
50,50,10,2
107,134,184,1
198,198,158,2
152,153,157,2
128,128,128,2
164,164,116,2
65,84,45,2
16,14,3,2
181,179,138,2
54,55,21,2
181,175,140,2
102,205,200,2
182,179,135,2
187,186,136,2
105,109,57,2
159,173,225,1
166,165,114,2
0,0,0,2
78,86,123,1
52,53,19,2
172,186,239,1
35,31,7,2
60,60,20,2
0,1,1,2
133,133,247,2
79,0,0,2
141,144,95,2
171,169,121,2
42,45,13,2
199,197,162,2
183,186,141,2
52,54,18,2
148,190,255,1
154,157,135,2
50,90,138,1
30,34,5,2
173,187,240,1
136,139,90,2
53,56,17,2
82,253,227,2
115,229,236,2
93,128,194,1
109,153,206,1
2,0,0,2
157,161,119,2
56,56,56,2
179,178,134,2
105,108,59,2
171,170,120,2
196,195,157,2
138,139,89,2
171,172,128,2
53,54,20,2
164,160,112,2
6,7,5,2
247,249,249,2
136,139,90,2
99,151,221,1
180,176,135,2
175,172,127,2
185,183,142,2
90,132,121,2
83,83,35,2
182,179,135,2
50,98,150,1
191,133,191,2
163,178,224,1
7,10,8,2
156,160,125,2
186,188,168,2
66,70,51,2
139,151,157,2
177,175,127,2
105,105,51,2
152,167,230,1
138,138,92,2
79,0,0,2
168,176,135,2
22,38,21,2
131,133,87,2
154,195,255,1
82,78,50,2
117,155,213,1
105,92,54,2
180,179,135,2
246,251,250,2
190,188,147,2
60,121,185,1
64,69,24,2
184,181,136,2
163,177,226,1
138,165,229,1
12,67,42,2
58,99,148,1
163,161,113,2
39,43,24,2
174,173,129,2
17,14,0,2
103,122,173,1
171,170,120,2
105,92,106,2
170,168,120,2
153,152,94,2
83,90,129,1
178,176,128,2
114,116,57,2
185,201,248,1
0,1,179,2
35,50,46,2
178,175,131,2
89,85,96,2
165,164,113,2
104,149,222,1
151,189,253,1
243,231,227,2
2,0,0,2
38,38,2,2
166,165,115,2
55,58,13,2
155,94,216,2
77,80,31,2
138,120,103,2
219,182,72,2
7,10,1,2
202,201,163,2
205,204,170,2
118,150,216,1
170,186,232,1
105,132,188,1
182,178,137,2
199,197,162,2
103,101,47,2
197,195,160,2
32,71,45,2
140,179,231,1
183,181,133,2
37,37,13,2
146,186,251,1
151,154,105,2
165,199,255,1
196,195,157,2
98,96,42,2
81,116,180,1
59,61,19,2
181,178,134,2
48,53,22,2
127,130,85,2
106,105,47,2
116,148,214,1
126,162,226,1
90,28,17,2
81,90,128,1
181,175,134,2
157,160,114,2
180,179,135,2
170,169,119,2
163,162,112,2
134,132,78,2
181,178,134,2
163,162,112,2
51,49,18,2
58,58,22,2
94,140,218,1
122,128,79,2
178,175,131,2
86,66,242,2
98,137,192,1
205,203,173,2
188,186,145,2
183,183,137,2
83,83,29,2
146,144,90,2
160,164,129,2
0,139,106,2
71,72,176,2
148,164,230,1
201,199,164,2
255,255,255,2
107,145,209,1
61,61,25,2
164,162,114,2
108,9,109,2
179,177,129,2
203,213,253,1
125,149,215,1
59,60,21,2
158,156,102,2
155,194,255,1
79,80,30,2
175,191,237,1
41,44,12,2
166,137,110,2
142,144,102,2
166,166,118,2
157,161,120,2
125,131,84,2
5,2,0,2
95,91,38,2
139,137,83,2
57,79,214,2
154,152,98,2
179,180,138,2
35,34,8,2
32,34,5,2
184,184,138,2
163,159,118,2
101,174,40,2
182,179,135,2
20,17,2,2
32,29,8,2
181,179,138,2
19,43,25,2
47,99,145,1
49,104,155,1
195,194,156,2
178,175,131,2
37,89,65,2
116,135,156,1
198,198,158,2
181,180,130,2
180,177,132,2
142,183,246,1
150,168,215,1
178,177,133,2
168,182,235,1
201,200,162,2
189,187,147,2
113,91,73,2
66,69,24,2
201,200,162,2
92,10,0,2
52,51,13,2
185,201,248,1
95,136,199,1
159,159,159,2
235,212,234,2
154,153,97,2
178,176,128,2
127,130,74,2
62,62,22,2
171,185,237,1
56,58,29,2
106,133,170,1
202,201,167,2
70,126,185,1
167,167,119,2
19,14,0,2
51,47,66,2
156,160,125,2
181,178,133,2
192,191,147,2
194,194,154,2
86,124,189,1
216,200,188,2
137,134,83,2
98,147,223,1
163,163,115,2
94,248,231,2
74,77,32,2
5,3,2,2
158,177,220,1
158,162,127,2
97,143,221,1
52,104,164,1
181,178,133,2
136,139,89,2
94,142,220,1
189,187,152,2
129,143,85,2
155,156,106,2
179,176,131,2
164,162,122,2
170,184,237,1
63,64,24,2
16,14,3,2
88,85,34,2
52,120,185,1
168,169,127,2
65,64,38,2
60,116,171,1
117,146,220,1
98,98,44,2
102,151,219,1
103,206,201,2
124,158,224,1
194,192,161,2
169,167,119,2
163,162,111,2
138,166,231,1
1,1,1,2
74,77,152,2
26,21,6,2
78,81,32,2
136,169,219,1
139,180,253,1
181,181,133,2
89,91,39,2
171,170,119,2
54,95,140,1
93,138,205,1
32,34,5,2
18,15,1,2
180,177,132,2
26,26,14,2
94,140,217,1
174,172,124,2
182,179,135,2
166,166,118,2
136,172,218,1
175,148,128,2
53,114,178,1
139,165,231,1
79,116,190,1
204,214,254,1
170,92,156,2
150,150,102,2
170,170,124,2
173,171,123,2
15,12,0,2
173,173,127,2
178,175,131,2
144,143,87,2
97,146,220,1
132,159,226,1
156,158,122,2
110,117,114,2
174,172,124,2
109,150,213,1
2,0,0,2
34,35,33,2
57,113,168,1
122,153,222,1
70,107,175,1
196,194,159,2
174,172,124,2
140,140,86,2
164,185,246,1
167,163,114,2
167,166,115,2
175,173,138,2
0,0,0,2
10,8,7,2
196,194,159,2
156,160,119,2
39,40,6,2
128,132,90,2
164,160,112,2
153,152,148,2
79,87,127,1
83,90,129,1
164,136,119,2
205,204,170,2
70,79,122,1
172,170,122,2
146,171,233,1
2,21,148,2
167,165,111,2
140,142,96,2
195,211,255,1
119,118,60,2
59,116,172,1
188,185,147,2
64,125,193,1
52,52,52,2
95,149,226,1
198,197,159,2
179,195,238,1
95,141,218,1
29,57,37,2
19,9,193,2
164,162,114,2
64,65,21,2
69,71,25,2
236,193,160,2
52,56,20,2
78,77,43,2
136,139,90,2
160,164,123,2
69,71,52,2
107,103,54,2
127,133,86,2
186,184,136,2
170,186,233,1
202,200,165,2
16,38,19,2
178,175,130,2
172,168,120,2
138,172,225,1
143,144,104,2
133,135,89,2
201,199,164,2
197,195,160,2
128,159,228,1
182,172,125,2
152,166,224,1
64,62,22,2
148,169,23,2
155,158,113,2
178,177,133,2
175,173,125,2
199,199,159,2
171,184,240,1
118,117,59,2
141,140,82,2
111,113,54,2
33,104,78,2
131,134,89,2
93,139,217,1
148,191,248,1
255,255,255,2
5,192,0,2
5,7,8,2
199,208,251,1
179,177,129,2
2,20,151,2
202,200,165,2
154,169,232,1
50,52,16,2
157,162,123,2
53,106,169,1
74,77,31,2
42,94,154,1
127,129,87,2
90,182,235,2
29,26,5,2
91,69,248,2
179,176,131,2
183,179,138,2
124,164,212,1
37,36,2,2
175,173,125,2
180,177,132,2
43,87,134,1
57,59,23,2
133,159,226,1
138,137,81,2
44,90,138,1
161,159,111,2
199,197,162,2
163,163,115,2
163,162,112,2
110,112,60,2
150,68,56,2
106,148,213,1
178,175,131,2
171,170,119,2
158,194,254,1
192,192,152,2
191,190,146,2
54,95,144,1
202,201,163,2
59,63,22,2
162,165,126,2
167,163,114,2
139,140,90,2
175,173,125,2
69,70,26,2
183,180,135,2
73,73,59,2
149,188,216,1
175,172,127,2
185,184,140,2
83,83,29,2
48,105,160,1
178,178,132,2
148,153,154,2
176,174,126,2
182,179,135,2
255,128,0,2
69,72,26,2
46,47,13,2
149,183,242,1
58,107,169,1
59,19,245,2
179,176,131,2
179,176,131,2
149,149,95,2
53,57,22,2
51,55,19,2
157,161,125,2
158,163,124,2
197,196,158,2
117,151,211,1
148,186,244,1
171,185,233,1
121,150,225,1
112,115,66,2
0,19,148,2
46,108,172,1
179,176,131,2
164,163,113,2
72,71,27,2
79,111,176,1
39,39,21,2
43,94,157,1
168,181,233,1
146,145,89,2
168,168,122,2
139,137,83,2
0,0,0,2
145,148,93,2
70,92,128,1
57,61,25,2
127,133,84,2
137,138,88,2
62,62,22,2
110,150,209,1
82,121,190,1
157,162,117,2
51,92,141,1
175,173,125,2
168,165,114,2
16,14,3,2
180,178,137,2
99,139,191,1
149,184,227,1
177,174,129,2
72,71,51,2
199,197,162,2
140,144,95,2
176,176,160,2
51,56,17,2
136,71,96,2
178,177,133,2
146,185,253,1
35,58,36,2
17,18,8,2
63,56,17,2
50,107,152,1
78,77,27,2
140,143,94,2
161,181,236,1
181,179,131,2
43,157,74,2
177,174,129,2
5,3,2,2
82,91,129,1
255,255,255,2
53,53,17,2
194,194,154,2
180,180,132,2
0,0,179,2
255,0,255,2
255,253,255,2
180,177,133,2
180,179,135,2
158,162,127,2
178,178,132,2
255,128,0,2
189,190,170,2
54,24,229,2
194,192,158,2
138,140,88,2
158,157,101,2
182,180,132,2
179,176,131,2
57,59,23,2
199,197,163,2
110,150,209,1
201,200,162,2
171,170,120,2
158,174,227,1
154,159,120,2
136,139,90,2
97,100,84,2
99,97,43,2
197,195,160,2
47,49,13,2
59,62,17,2
183,181,133,2
75,29,242,2
160,165,120,2
146,145,89,2
183,181,140,2
61,62,20,2
156,160,118,2
11,11,5,2
163,164,114,2
51,53,17,2
22,16,3,2
89,103,155,1
180,179,135,2
165,164,114,2
163,162,112,2
108,210,205,2
180,178,143,2
212,223,255,1
201,200,162,2
167,167,119,2
0,0,1,2
148,189,252,1
166,165,115,2
179,176,131,2
124,128,79,2
62,123,191,1
94,138,221,1
190,188,148,2
50,52,16,2
167,164,113,2
80,83,34,2
140,143,94,2
168,182,235,1
90,87,36,2
54,55,21,2
159,158,108,2
96,147,220,1
200,198,163,2
183,181,133,2
135,137,91,2
153,157,121,2
61,62,20,2
170,169,119,2
65,66,26,2
173,172,122,2
91,140,216,1
57,58,48,2
108,143,209,1
122,2,127,2
181,181,133,2
199,199,159,2
179,177,129,2
159,156,105,2
114,226,248,2
158,157,101,2
39,37,7,2
149,151,105,2
163,163,115,2
139,137,83,2
61,62,20,2
114,109,106,2
78,79,29,2
196,194,159,2
181,170,138,2
163,163,115,2
138,139,89,2
61,122,188,1
62,56,15,2
177,174,129,2
121,158,214,1
170,169,119,2
55,51,26,2
129,132,87,2
174,143,98,2
198,198,158,2
127,130,85,2
32,33,7,2
167,166,115,2
131,134,95,2
114,85,78,2
52,54,18,2
106,209,204,2
200,198,163,2
51,55,14,2
32,33,7,2
57,59,23,2
142,145,96,2
128,150,175,1
140,139,81,2
165,164,113,2
178,178,132,2
165,164,114,2
179,180,138,2
115,117,71,2
98,147,223,1
1,2,0,2
192,208,197,2
180,135,178,2
167,180,226,1
198,197,159,2
2,3,0,2
84,82,28,2
131,170,222,1
231,162,99,2
177,176,126,2
164,164,118,2
184,185,143,2
167,180,232,1
136,143,92,2
152,153,103,2
113,228,249,2
188,157,136,2
171,161,114,2
77,85,125,1
53,56,24,2
187,185,145,2
156,160,125,2
255,255,255,2
195,194,150,2
142,145,176,2
78,73,34,2
182,179,135,2
153,189,253,1
195,194,156,2
255,255,255,2
211,194,181,2
145,147,95,2
163,164,114,2
240,225,222,2
95,144,220,1
94,201,198,2
199,197,163,2
159,196,254,1
190,188,148,2
144,143,87,2
170,168,120,2
112,111,53,2
192,210,255,1
135,175,227,1
242,233,229,2
183,179,138,2
81,84,35,2
9,7,0,2
174,93,150,2
162,160,112,2
38,54,31,2
142,144,102,2
183,180,136,2
54,103,83,2
181,178,133,2
76,79,30,2
231,215,209,2
137,140,91,2
189,186,141,2
129,129,89,2
130,132,90,2
162,96,168,2
164,162,114,2
183,180,135,2
66,69,53,2
200,210,250,1
111,108,57,2
142,141,85,2
116,104,154,2
199,198,164,2
63,64,55,2
44,71,55,2
178,180,190,2
99,98,84,2
66,68,22,2
47,83,67,2
197,196,158,2
90,135,216,1
79,95,132,1
107,150,207,1
176,173,122,2
166,163,112,2
173,173,137,2
196,195,157,2
55,56,22,2
28,29,27,2
184,184,138,2
127,158,227,1
101,101,47,2
180,180,140,2
15,13,12,2
192,191,153,2
152,190,254,1
190,190,150,2
24,60,44,2
181,181,141,2
149,146,102,2
181,178,133,2
62,123,191,1
118,126,85,2
195,195,155,2
173,187,235,1
125,132,87,2
169,165,116,2
180,188,178,2
35,34,8,2
235,216,77,2
4,0,159,2
183,183,137,2
89,91,39,2
201,199,164,2
32,33,7,2
3,0,2,2
123,126,181,1
18,20,8,2
36,34,10,2
85,94,132,1
78,81,32,2
129,129,89,2
181,180,136,2
64,65,21,2
169,132,52,2
181,179,138,2
158,195,255,1
145,161,255,2
40,96,75,2
148,185,245,1
152,165,121,2
179,164,138,2
113,111,57,2
75,91,138,1
57,74,131,1
185,184,133,2
41,96,153,1
71,72,28,2
141,140,82,2
103,154,224,1
149,157,217,1
198,124,68,2
202,201,163,2
134,126,89,2
97,96,38,2
151,166,229,1
153,157,116,2
118,119,63,2
4,3,0,2
55,109,172,1
98,139,201,1
80,81,31,2
125,124,66,2
247,249,249,2
56,83,217,2
164,183,240,1
199,197,162,2
76,79,29,2
202,201,163,2
128,255,0,2
201,200,162,2
180,178,130,2
190,189,145,2
51,103,156,1
178,176,128,2
201,199,165,2
202,201,163,2
183,183,137,2
177,175,127,2
175,175,129,2
200,198,164,2
102,154,224,1
153,155,109,2
175,173,125,2
193,192,166,2
173,171,123,2
143,183,248,1
151,189,254,1
147,92,215,2
228,212,206,2
103,106,56,2
163,161,113,2
139,138,82,2
197,195,160,2
118,151,220,1
139,138,87,2
94,93,42,2
150,68,56,2
123,123,139,2
171,172,140,2
56,53,45,2
161,174,226,1
49,50,16,2
44,60,119,1
73,82,125,1
172,186,239,1
133,134,78,2
179,182,133,2
71,73,27,2
54,54,54,2
93,89,36,2
201,199,164,2
0,0,180,2
76,78,32,2
9,9,15,2
202,200,165,2
18,18,0,2
94,142,220,1
171,172,140,2
15,6,186,2
0,1,0,2
175,172,127,2
222,222,222,2
157,194,255,1
113,112,54,2
0,0,181,2
170,172,136,2
165,164,114,2
4,7,0,2
81,36,246,2
197,195,160,2
157,194,255,1
179,176,132,2
20,17,2,2
55,82,216,2
71,73,27,2
97,94,43,2
97,90,151,2
243,248,251,2
138,136,82,2
15,14,0,2
110,150,208,1
108,110,64,2
180,180,134,2
161,160,109,2
132,167,223,1
179,177,129,2
159,198,255,1
179,178,134,2
203,202,168,2
86,95,133,1
159,82,140,2
208,104,81,2
1,5,164,2
135,138,93,2
4,2,1,2
255,0,255,2
147,152,107,2
144,143,92,2
61,122,190,1
21,15,2,2
245,14,244,2
156,159,114,2
145,182,226,1
153,154,104,2
146,186,251,1
180,177,133,2
81,73,6,2
194,154,65,2
174,170,121,2
57,59,23,2
163,161,113,2
138,138,84,2
175,170,169,2
180,177,132,2
161,159,105,2
1,3,158,2
102,153,226,1
42,89,145,1
108,95,109,2
52,57,18,2
161,164,125,2
195,193,158,2
34,33,7,2
3,0,180,2
172,168,119,2
191,190,146,2
43,67,55,2
163,162,112,2
154,158,123,2
140,138,84,2
178,192,244,1
156,159,110,2
198,196,161,2
199,197,162,2
55,97,144,1
170,171,121,2
52,45,236,2
55,56,22,2
41,42,8,2
56,57,17,2
172,168,119,2
157,156,100,2
140,139,81,2
49,50,40,2
144,184,249,1
62,135,119,2
179,176,132,2
255,255,128,2
160,165,133,2
136,139,90,2
9,5,160,2
172,171,121,2
181,178,133,2
70,73,24,2
147,144,93,2
66,66,66,2
118,154,214,1
75,116,195,1
147,145,91,2
100,84,77,2
183,181,140,2
46,104,163,1
179,177,129,2
157,161,126,2
168,165,120,2
199,197,162,2
163,164,114,2
134,142,89,2
133,169,223,1
23,178,199,2
142,116,99,2
108,135,215,1
93,95,43,2
106,106,52,2
106,209,204,2
98,99,55,2
146,165,232,1
150,166,125,2
144,183,252,1
53,101,165,1
145,146,96,2
53,57,22,2
119,157,211,1
178,178,132,2
74,76,34,2
130,156,223,1
31,33,21,2
216,103,107,2
175,189,237,1
189,187,147,2
77,88,126,1
160,158,118,2
4,4,0,2
197,197,157,2
16,11,2,2
134,134,88,2
155,175,230,1
171,173,127,2
73,130,191,1
104,107,62,2
63,32,241,2
99,146,220,1
165,163,115,2
175,169,126,2
179,173,130,2
52,53,19,2
128,125,70,2
78,113,177,1
126,124,124,2
59,106,255,2
199,198,160,2
131,132,92,2
112,67,130,2
136,138,102,2
71,124,187,1
109,124,234,2
113,75,41,2
119,164,231,1
199,197,163,2
151,162,224,1
53,53,17,2
149,150,100,2
202,201,163,2
126,160,220,1
128,128,128,2
70,73,34,2
173,189,235,1
175,173,125,2
165,164,114,2
89,87,33,2
99,148,218,1
119,116,118,2
135,138,93,2
139,142,93,2
190,189,151,2
201,200,162,2
40,85,128,1
57,124,193,1
174,175,133,2
181,179,138,2
35,34,8,2
193,206,252,1
175,173,125,2
85,98,136,1
47,49,13,2
120,157,219,1
28,30,8,2
200,195,162,2
171,171,125,2
30,32,3,2
150,194,248,1
198,198,158,2
21,22,6,2
67,65,47,2
105,143,201,1
186,185,141,2
78,34,255,2
205,204,170,2
151,175,235,1
58,99,148,1
150,165,108,2
2,0,0,2
102,142,201,1
123,153,224,1
10,10,4,2
16,13,8,2
199,199,159,2
156,154,100,2
255,255,255,2
151,192,255,1
75,51,31,2
199,210,254,1
195,194,156,2
138,141,85,2
255,255,255,2
151,154,105,2
84,86,34,2
54,56,20,2
158,162,127,2
177,180,135,2
57,111,171,1
184,181,136,2
56,56,20,2
0,0,150,2
120,119,61,2
109,110,54,2
155,157,111,2
136,139,90,2
36,43,40,2
25,23,236,2
115,114,56,2
137,139,87,2
52,113,177,1
52,52,12,2
199,197,163,2
170,166,118,2
73,75,33,2
68,88,46,2
255,0,128,2
48,34,166,2
134,131,186,1
173,161,133,2
13,12,14,2
85,87,35,2
129,132,87,2
171,170,120,2
119,152,215,1
200,198,163,2
0,3,0,2
190,188,148,2
178,176,128,2
197,194,163,2
104,125,153,1
179,177,129,2
167,166,115,2
90,92,56,2
177,175,145,2
193,194,155,2
51,106,151,1
42,41,13,2
166,165,121,2
59,127,200,1
120,157,219,1
11,10,6,2
173,168,129,2
46,67,112,1
187,185,145,2
172,171,121,2
87,85,31,2
173,187,240,1
52,52,12,2
172,165,115,2
26,35,22,2
187,185,144,2
170,168,120,2
190,189,145,2
113,111,57,2
95,93,39,2
51,52,12,2
114,149,222,1
155,182,226,1
185,184,140,2
83,255,240,2
56,58,16,2
177,176,126,2
181,180,136,2
5,3,3,2
135,171,219,1
178,175,131,2
64,65,21,2
164,163,113,2
29,31,11,2
84,87,31,2
156,158,116,2
178,175,130,2
109,149,207,1
4,4,4,2
65,65,65,2
181,176,145,2
134,162,233,1
68,126,191,1
120,77,86,2
18,25,18,2
138,140,88,2
130,132,90,2
114,147,220,1
144,167,135,2
78,79,70,2
81,84,34,2
46,93,144,1
201,199,164,2
141,139,85,2
163,162,112,2
124,165,228,1
162,170,117,2
139,139,85,2
57,122,97,2
31,147,47,2
179,174,125,2
202,200,165,2
158,176,229,1
157,173,220,1
135,134,76,2
185,183,135,2
44,94,154,1
92,27,18,2
102,155,228,1
205,205,205,2
117,116,58,2
179,176,132,2
79,81,35,2
170,184,237,1
74,71,26,2
180,178,130,2
167,173,120,2
242,160,148,2
157,159,113,2
162,163,119,2
201,200,162,2
0,186,0,2
41,98,150,1
173,95,172,2
201,200,162,2
62,119,180,1
64,64,28,2
15,16,0,2
196,195,161,2
118,153,217,1
181,162,127,2
61,62,22,2
86,27,35,2
166,164,116,2
98,141,214,1
6,6,0,2
2,1,3,2
130,132,90,2
158,161,116,2
92,69,245,2
52,53,27,2
57,59,23,2
131,160,227,1
46,54,17,2
2,1,3,2
126,129,79,2
55,82,216,2
49,100,162,1
30,72,61,2
31,47,30,2
151,189,254,1
150,188,252,1
132,135,90,2
4,1,3,2
81,87,130,1
0,0,1,2
68,69,25,2
198,198,158,2
15,6,186,2
133,137,88,2
189,187,147,2
143,142,86,2
189,187,147,2
169,184,230,1
181,180,136,2
143,142,91,2
139,165,231,1
248,250,250,2
165,164,114,2
199,197,162,2
172,175,130,2
15,32,19,2
94,93,35,2
86,77,50,2
51,90,135,1
199,197,163,2
130,173,230,1
104,160,231,1
5,6,4,2
158,162,126,2
55,87,136,1
175,173,125,2
165,163,115,2
168,197,254,1
34,37,5,2
32,101,255,2
1,5,0,2
39,40,38,2
163,161,127,2
12,12,12,2
23,21,10,2
62,117,174,1
67,112,169,1
102,151,225,1
154,194,253,1
84,35,13,2
182,179,135,2
201,199,164,2
7,5,0,2
176,177,138,2
200,198,163,2
174,174,134,2
103,106,161,1
229,127,152,2
53,53,53,2
175,173,125,2
32,33,7,2
174,185,235,1
86,137,223,1
170,168,120,2
43,44,12,2
173,168,119,2
16,20,9,2
171,170,119,2
178,178,132,2
163,162,112,2
12,12,6,2
153,155,109,2
81,83,37,2
199,197,162,2
55,111,170,1
104,153,223,1
157,161,126,2
55,24,233,2
61,57,213,2
178,178,132,2
60,105,156,1
247,126,107,2
182,179,135,2
169,148,147,2
77,76,180,2
201,199,164,2
163,162,112,2
19,65,42,2
84,90,127,1
87,89,43,2
81,89,129,1
192,191,153,2
200,198,163,2
69,70,26,2
53,54,20,2
1,186,0,2
158,162,127,2
39,33,28,2
144,143,92,2
177,174,129,2
151,152,102,2
15,13,12,2
193,191,156,2
83,84,34,2
66,68,22,2
107,72,86,2
181,174,125,2
17,165,201,2
56,61,22,2
158,162,127,2
176,174,126,2
202,200,165,2
177,189,243,1
133,130,75,2
16,12,1,2
183,181,133,2
115,150,223,1
154,181,232,1
106,140,199,1
158,162,127,2
183,180,136,2
172,171,121,2
255,0,128,2
95,147,224,1
178,178,132,2
58,58,58,2
66,58,205,2
84,84,30,2
143,165,230,1
188,186,145,2
60,56,62,2
179,176,131,2
90,137,219,1
56,55,41,2
92,20,32,2
90,89,39,2
60,100,152,1
184,185,143,2
185,183,143,2
178,178,132,2
56,56,56,2
76,77,27,2
11,10,6,2
69,71,25,2
230,235,238,2
55,55,15,2
199,197,162,2
15,14,0,2
40,40,26,2
138,139,89,2
55,115,181,1
176,171,172,2
140,140,86,2
33,34,8,2
97,152,221,1
157,166,255,2
201,213,253,1
179,193,192,2
144,164,21,2
152,155,110,2
77,130,117,2
9,6,8,2
126,126,126,2
158,156,115,2
55,60,31,2
181,178,134,2
57,103,151,1
99,152,225,1
64,66,24,2
172,171,121,2
16,13,0,2
155,158,113,2
186,185,141,2
164,164,116,2
201,200,210,2
141,181,234,1
137,174,218,1
185,185,145,2
183,179,138,2
181,182,140,2
170,166,118,2
121,120,100,2
149,151,99,2
178,175,130,2
204,202,168,2
103,139,209,1
5,3,9,2
179,173,130,2
185,181,132,2
11,8,3,2
167,165,124,2
13,12,2,2
80,89,127,1
5,9,4,2
158,195,255,1
162,160,112,2
53,56,24,2
122,133,141,2
46,49,47,2
20,19,0,2
46,47,13,2
58,58,22,2
194,193,155,2
41,42,8,2
81,84,29,2
177,176,126,2
130,162,228,1
125,134,94,2
4,5,0,2
143,162,21,2
180,177,132,2
157,159,113,2
115,118,116,2
79,82,33,2
176,174,126,2
92,67,247,2
112,111,55,2
174,172,124,2
132,131,247,2
68,68,68,2
155,194,233,1
55,56,22,2
74,75,31,2
165,164,114,2
81,36,253,2
131,163,229,1
198,196,161,2
59,113,176,1
132,138,85,2
194,205,255,1
165,164,114,2
3,1,1,2
164,163,113,2
3,3,0,2
62,98,146,1
201,196,163,2
112,113,81,2
168,164,116,2
117,154,222,1
29,49,30,2
66,69,53,2
54,115,183,1
68,72,31,2
194,194,154,2
52,70,123,1
179,178,134,2
49,18,223,2
23,20,15,2
196,195,157,2
160,160,112,2
55,59,24,2
111,111,57,2
15,14,0,2
156,182,228,1
129,168,220,1
146,150,201,2
126,126,126,2
149,187,251,1
59,110,173,1
162,160,112,2
59,114,175,1
54,54,40,2
203,211,251,1
139,181,240,1
58,57,37,2
134,137,242,2
98,145,226,1
200,198,163,2
11,11,0,2
65,67,25,2
183,185,139,2
173,173,127,2
102,144,219,1
164,162,114,2
171,171,125,2
55,102,156,1
128,130,255,2
17,13,2,2
175,191,237,1
235,130,117,2
150,152,100,2
83,180,236,2
69,71,25,2
164,163,113,2
164,166,130,2
165,162,117,2
145,185,234,1
177,175,127,2
13,11,3,2
141,144,95,2
238,120,73,2
66,67,23,2
70,71,29,2
169,168,118,2
46,62,121,1
53,55,25,2
110,55,70,2
37,37,7,2
131,162,231,1
28,21,226,2
144,184,249,1
231,238,241,2
73,84,122,1
70,73,28,2
157,161,126,2
138,167,224,1
56,53,39,2
227,157,90,2
110,153,210,1
195,194,156,2
166,183,232,1
6,4,3,2
55,18,228,2
76,73,45,2
54,55,21,2
49,109,98,2
136,170,236,1
57,59,23,2
194,194,154,2
184,186,144,2
0,128,0,2
173,173,127,2
199,197,162,2
183,182,138,2
148,146,92,2
21,41,29,2
183,181,133,2
112,96,113,2
155,200,255,1
62,65,26,2
163,162,112,2
169,167,109,2
104,155,225,1
66,67,23,2
128,161,210,1
178,175,130,2
185,185,139,2
107,153,224,1
184,183,139,2
76,79,30,2
168,167,116,2
246,235,231,2
180,179,135,2
183,180,135,2
255,255,128,2
178,178,132,2
132,75,73,2
46,21,141,2
187,185,145,2
178,176,128,2
138,139,89,2
172,171,121,2
81,51,200,2
62,89,139,1
134,132,78,2
164,164,118,2
152,190,254,1
49,49,37,2
178,179,135,2
103,155,225,1
146,148,96,2
53,72,129,1
9,9,3,2
198,198,158,2
37,37,7,2
163,160,109,2
54,55,21,2
174,173,122,2
143,176,222,1
128,168,220,1
180,177,132,2
126,154,208,1
68,69,25,2
171,170,120,2
39,40,6,2
155,159,118,2
174,172,124,2
55,56,22,2
199,197,163,2
164,164,134,2
138,140,88,2
44,29,221,2
172,171,121,2
126,131,129,2
141,140,84,2
188,189,199,2
63,106,155,1
75,53,209,2
76,136,202,1
199,197,162,2
127,158,227,1
60,122,192,1
17,8,189,2
183,170,138,2
199,197,163,2
107,126,164,1
194,193,155,2
247,238,234,2
114,144,215,1
195,194,156,2
64,120,175,1
114,150,210,1
38,39,5,2
145,182,226,1
103,146,195,1
153,191,255,1
204,202,168,2
101,136,199,1
199,197,162,2
196,194,159,2
149,167,230,1
179,179,133,2
67,71,30,2
95,144,220,1
1,2,0,2
67,68,26,2
3,135,105,2
199,197,162,2
180,175,130,2
174,185,235,1
160,164,129,2
152,176,236,1
177,174,129,2
154,158,117,2
178,176,128,2
163,167,126,2
66,61,16,2
146,188,253,1
120,123,178,1
57,127,255,2
54,94,143,1
197,208,252,1
53,57,21,2
206,204,170,2
107,106,55,2
37,35,11,2
178,176,145,2
101,105,158,1
176,172,131,2
27,92,71,2
19,16,1,2
52,52,16,2
44,48,13,2
190,174,162,2
115,153,211,1
239,237,243,2
182,179,135,2
181,178,134,2
91,87,69,2
193,191,150,2
90,88,34,2
35,36,20,2
159,156,171,2
51,53,17,2
183,180,135,2
192,191,153,2
60,118,177,1
2,1,0,2
147,146,132,2
164,163,113,2
144,186,251,1
173,198,242,1
200,198,163,2
25,22,7,2
175,172,127,2
200,198,163,2
149,184,247,1
149,191,255,1
99,132,201,1
159,160,120,2
20,17,2,2
148,187,249,1
171,169,121,2
12,13,4,2
170,173,181,2
40,39,179,2
177,174,129,2
239,222,225,2
217,175,216,2
13,7,186,2
106,118,172,1
28,40,28,2
111,148,204,1
16,15,11,2
175,145,98,2
87,65,244,2
197,196,162,2
168,182,235,1
182,179,134,2
193,192,148,2
107,150,207,1
149,185,255,1
38,37,9,2
181,178,133,2
95,139,222,1
79,35,250,2
172,169,124,2
62,63,23,2
150,149,98,2
57,60,21,2
21,15,8,2
112,98,109,2
198,196,162,2
62,63,29,2
0,0,0,2
0,0,1,2
2,3,0,2
129,129,129,2
232,227,228,2
234,220,214,2
55,56,22,2
145,142,87,2
199,172,151,2
129,159,216,1
119,118,60,2
182,179,135,2
201,200,162,2
182,173,129,2
66,66,26,2
36,37,11,2
137,173,221,1
146,72,124,2
165,161,112,2
99,130,191,1
105,109,50,2
171,170,119,2
91,135,218,1
190,189,145,2
56,57,17,2
178,175,154,2
99,135,189,1
181,178,133,2
121,155,225,1
67,117,177,1
187,187,141,2
32,35,10,2
122,159,215,1
102,77,245,2
151,154,105,2
162,161,111,2
179,177,129,2
148,151,102,2
157,161,126,2
132,171,223,1
52,94,141,1
198,196,161,2
197,195,160,2
9,7,6,2
200,198,163,2
150,151,109,2
201,199,159,2
171,170,120,2
41,39,4,2
144,146,94,2
206,215,255,1
143,182,250,1
26,72,59,2
199,197,162,2
188,188,140,2
196,195,157,2
0,0,193,2
97,157,227,1
174,173,123,2
177,174,130,2
152,170,235,1
180,178,130,2
1,2,0,2
156,160,125,2
157,176,221,1
163,161,113,2
161,159,105,2
122,153,222,1
156,156,120,2
141,181,230,1
8,6,5,2
55,74,131,1
173,174,130,2
84,86,40,2
235,193,158,2
175,172,127,2
107,173,138,2
151,154,105,2
221,224,222,2
1,2,0,2
100,98,44,2
69,70,26,2
62,56,57,2
71,74,29,2
173,170,125,2
177,174,130,2
178,102,183,2
143,146,201,1
50,52,22,2
163,162,112,2
180,178,137,2
199,210,254,1
144,146,94,2
110,116,169,1
69,70,26,2
92,195,190,2
196,192,157,2
142,140,86,2
159,157,103,2
55,60,21,2
149,152,103,2
149,94,217,2
141,140,90,2
150,186,255,1
193,191,157,2
0,2,177,2
139,138,87,2
21,76,61,2
99,104,65,2
181,178,133,2
53,55,13,2
142,141,83,2
223,152,84,2
111,154,211,1
124,134,255,2
255,128,0,2
183,179,138,2
190,188,157,2
0,136,255,2
55,111,170,1
29,35,16,2
57,110,227,2
99,99,45,2
172,186,238,1
163,163,115,2
188,186,146,2
54,55,21,2
28,28,4,2
185,180,141,2
119,150,213,1
199,197,162,2
112,16,100,2
255,255,255,2
101,138,206,1
156,157,113,2
127,133,84,2
180,177,132,2
118,81,19,2
147,96,217,2
195,194,156,2
102,131,188,1
57,61,26,2
174,172,124,2
171,176,131,2
156,160,119,2
124,143,164,1
165,161,112,2
139,142,93,2
156,87,72,2
66,67,23,2
177,178,136,2
55,56,22,2
159,178,223,1
172,186,238,1
84,85,29,2
141,143,131,2
241,205,169,2
101,148,202,1
178,176,128,2
57,111,166,1
101,178,104,2
148,156,216,1
62,127,125,2
53,57,22,2
196,194,159,2
74,86,126,1
180,179,135,2
149,191,255,1
228,207,209,2
48,46,236,2
165,165,117,2
177,176,126,2
78,84,125,1
44,90,137,1
129,132,187,1
208,177,198,2
160,176,223,1
103,107,160,1
136,139,90,2
151,150,99,2
180,177,133,2
36,39,7,2
196,195,174,2
131,162,231,1
170,169,119,2
141,144,95,2
59,106,157,1
125,161,225,1
68,70,24,2
99,137,195,1
76,80,39,2
95,145,221,1
172,186,239,1
55,118,186,1
127,157,212,1
255,128,0,2
114,140,200,1
84,52,211,2
180,175,126,2
165,165,117,2
101,102,46,2
184,182,141,2
136,139,90,2
192,218,255,1
50,49,28,2
144,163,24,2
36,90,143,1
58,58,22,2
152,153,103,2
52,99,150,1
153,156,117,2
157,160,128,2
140,176,224,1
53,54,20,2
13,14,4,2
172,170,122,2
122,157,223,1
164,163,113,2
103,106,60,2
88,86,32,2
163,163,115,2
101,102,46,2
147,187,252,1
41,89,141,1
161,79,161,2
62,79,130,1
136,139,93,2
200,198,163,2
104,207,202,2
182,179,134,2
131,80,94,2
174,175,133,2
192,191,153,2
193,138,185,2
184,181,137,2
143,140,195,1
189,191,172,2
2,1,3,2
29,30,20,2
163,164,114,2
167,183,230,1
15,17,11,2
112,111,53,2
127,159,100,2
132,162,227,1
61,128,197,1
126,170,229,1
51,44,235,2
50,49,15,2
182,179,134,2
44,93,149,1
32,31,11,2
47,71,69,2
52,94,141,1
150,191,253,1
174,170,129,2
176,175,124,2
205,203,172,2
14,15,6,2
159,163,128,2
179,176,132,2
104,153,221,1
94,30,19,2
205,150,205,2
173,172,122,2
100,99,108,2
48,70,122,1
153,99,220,2
91,136,204,1
109,95,96,2
57,110,173,1
165,161,112,2
154,156,110,2
194,193,155,2
157,159,117,2
158,162,120,2
166,167,117,2
255,255,255,2
31,29,5,2
61,122,188,1
203,214,252,1
145,144,88,2
183,181,133,2
54,57,25,2
199,197,162,2
114,113,55,2
108,229,248,2
87,63,235,2
138,73,95,2
171,170,120,2
53,54,20,2
247,118,85,2
161,165,123,2
183,180,136,2
51,103,163,1
15,13,2,2
64,52,50,2
134,137,92,2
172,172,124,2
181,178,134,2
0,255,255,2
56,103,157,1
188,187,153,2
180,180,134,2
131,157,224,1
177,175,140,2
148,150,98,2
200,199,161,2
55,56,36,2
145,184,252,1
170,169,119,2
79,87,127,1
54,55,21,2
139,139,85,2
178,179,135,2
95,30,16,2
169,183,235,1
170,170,116,2
165,161,112,2
172,172,126,2
140,140,86,2
53,54,20,2
67,69,23,2
157,154,103,2
196,194,159,2
135,135,189,1
155,161,126,2
177,178,134,2
156,159,114,2
123,126,181,1
200,199,161,2
38,67,118,1
91,144,217,1
127,122,83,2
29,31,2,2
126,164,228,1
165,163,115,2
58,85,219,2
57,59,23,2
164,162,114,2
177,175,134,2
180,178,137,2
32,33,7,2
138,175,225,1
93,112,173,1
169,169,123,2
130,136,243,2
173,189,232,1
142,177,217,1
150,152,100,2
158,159,117,2
177,174,129,2
85,154,117,2
159,162,123,2
14,8,1,2
68,69,25,2
55,56,22,2
57,94,154,1
102,102,48,2
88,86,32,2
0,255,255,2
180,179,135,2
162,164,112,2
119,87,81,2
165,165,117,2
227,217,229,2
6,17,155,2
45,49,14,2
172,170,122,2
156,157,107,2
24,24,8,2
115,114,56,2
124,168,222,1
130,131,92,2
167,163,114,2
178,176,128,2
192,191,153,2
30,22,123,2
199,197,163,2
47,104,155,1
179,177,129,2
2,4,4,2
70,159,89,2
132,176,240,1
166,166,118,2
46,39,176,2
33,34,8,2
38,66,53,2
176,174,126,2
187,198,242,1
201,124,67,2
12,19,12,2
200,198,163,2
51,52,8,2
54,81,215,2
204,202,168,2
181,181,135,2
55,56,14,2
179,177,129,2
102,95,156,2
171,171,125,2
103,96,103,2
150,152,100,2
62,108,166,1
124,145,172,1
209,221,255,1
169,167,119,2
197,195,160,2
97,74,58,2
169,169,121,2
57,84,218,2
176,174,126,2
0,0,0,2
145,143,89,2
56,103,147,1
85,88,102,2
168,181,233,1
70,72,43,2
7,185,0,2
253,255,254,2
11,13,1,2
78,79,29,2
63,64,20,2
180,180,134,2
35,36,20,2
124,100,82,2
0,130,253,2
201,200,162,2
157,161,126,2
201,199,164,2
160,157,106,2
154,159,120,2
92,95,40,2
50,96,143,1
151,74,148,2
140,143,94,2
55,56,22,2
142,179,231,1
2,0,0,2
164,163,113,2
188,186,146,2
174,169,136,2
113,152,214,1
118,117,59,2
185,180,135,2
164,162,114,2
127,159,212,1
73,86,124,1
182,179,135,2
55,60,21,2
69,72,26,2
85,86,36,2
178,178,132,2
169,163,122,2
202,201,163,2
164,163,113,2
167,163,115,2
193,192,154,2
188,186,146,2
185,183,143,2
129,157,218,1
146,144,90,2
183,183,137,2
106,135,174,1
195,194,156,2
187,181,138,2
160,177,234,1
67,69,23,2
151,189,253,1
173,172,122,2
6,170,252,2
44,44,44,2
15,14,4,2
159,195,119,2
69,27,28,2
101,126,182,1
179,175,134,2
134,175,224,1
13,14,4,2
52,72,127,1
92,33,18,2
175,144,99,2
164,180,223,1
44,86,69,2
179,177,129,2
173,173,133,2
137,174,226,1
180,176,128,2
135,175,224,1
49,25,7,2
184,184,136,2
195,193,152,2
2,1,0,2
139,139,85,2
205,204,170,2
255,128,0,2
191,188,143,2
16,15,1,2
152,191,253,1
163,162,112,2
46,53,26,2
179,177,129,2
172,190,231,1
179,178,134,2
240,246,251,2
29,27,16,2
180,178,130,2
167,166,115,2
157,160,121,2
178,175,131,2
64,65,21,2
164,168,133,2
179,178,140,2
113,160,228,1
182,181,137,2
53,114,180,1
178,176,128,2
198,198,158,2
114,152,210,1
94,69,251,2
107,228,248,2
102,151,225,1
105,149,220,1
34,33,7,2
113,221,245,2
175,176,132,2
66,68,26,2
180,178,137,2
135,137,101,2
202,201,163,2
201,199,164,2
97,146,222,1
35,111,255,2
178,176,128,2
163,163,109,2
255,0,255,2
104,107,61,2
160,164,122,2
178,176,128,2
2,137,105,2
137,139,93,2
16,14,14,2
255,255,255,2
133,135,83,2
127,129,87,2
128,129,87,2
79,82,33,2
8,29,14,2
129,132,87,2
13,255,255,2
169,168,124,2
182,182,136,2
119,118,60,2
179,179,133,2
177,176,132,2
155,168,246,2
174,173,123,2
182,169,117,2
186,184,143,2
109,148,210,1
10,10,0,2
60,100,149,1
178,192,244,1
33,33,27,2
114,150,204,1
180,179,135,2
177,175,127,2
63,68,23,2
36,37,0,2
194,193,155,2
195,194,156,2
195,197,151,2
33,34,8,2
90,94,45,2
190,188,148,2
97,147,223,1
149,147,93,2
180,177,132,2
0,23,151,2
52,53,19,2
157,156,100,2
199,210,255,1
149,149,101,2
183,182,138,2
165,164,114,2
63,68,23,2
169,169,129,2
200,210,250,1
46,42,18,2
34,33,7,2
152,152,98,2
140,173,222,1
64,124,184,1
185,184,150,2
37,111,81,2
77,80,35,2
176,174,126,2
120,121,71,2
34,33,12,2
73,72,38,2
192,195,200,2
89,135,213,1
176,176,130,2
11,12,2,2
146,141,196,1
205,214,252,1
139,137,126,2
226,156,86,2
198,198,158,2
7,5,5,2
150,162,120,2
132,138,85,2
43,68,132,1
24,38,27,2
166,180,232,1
172,170,122,2
175,172,127,2
190,188,140,2
146,147,97,2
33,33,17,2
6,159,188,2
11,13,14,2
201,200,162,2
52,56,20,2
149,152,106,2
198,194,159,2
138,139,89,2
55,98,149,1
57,59,23,2
180,180,132,2
174,174,128,2
128,130,94,2
141,79,103,2
175,172,127,2
200,199,161,2
125,99,83,2
4,252,255,2
14,15,13,2
178,175,131,2
15,53,23,2
181,178,134,2
22,255,255,2
87,88,38,2
182,178,137,2
154,156,114,2
57,22,233,2
107,152,226,1
243,174,164,2
5,3,2,2
199,198,160,2
172,168,120,2
103,151,223,1
169,184,230,1
5,5,0,2
169,182,238,1
137,139,87,2
155,158,109,2
49,49,37,2
50,104,165,1
67,71,30,2
175,143,102,2
196,195,157,2
162,162,114,2
51,90,134,1
34,20,152,2
182,178,137,2
169,170,128,2
138,141,92,2
166,168,116,2
190,188,148,2
124,127,182,1
57,61,20,2
165,164,114,2
81,84,52,2
155,158,119,2
109,153,207,1
127,162,226,1
87,187,241,2
173,172,122,2
134,134,80,2
63,64,20,2
82,52,211,2
118,57,37,2
35,34,8,2
106,143,201,1
161,159,105,2
181,178,134,2
138,139,89,2
128,133,88,2
186,186,146,2
56,99,148,1
247,249,249,2
178,175,131,2
103,104,48,2
198,196,161,2
187,188,149,2
172,168,119,2
173,177,141,2
174,174,128,2
60,108,172,1
55,102,158,1
16,14,3,2
77,87,127,1
79,80,30,2
121,86,83,2
150,188,252,1
164,163,113,2
108,144,208,1
180,177,132,2
150,188,252,1
28,251,235,2
139,142,93,2
95,144,218,1
181,178,133,2
114,116,170,1
111,150,229,1
15,14,4,2
182,179,134,2
76,50,204,2
248,250,250,2
97,121,173,1
60,118,183,1
11,10,6,2
52,52,52,2
162,176,225,1
5,192,0,2
3,1,1,2
137,19,138,2
255,255,255,2
174,173,123,2
157,161,125,2
128,130,88,2
200,199,161,2
187,182,137,2
178,175,131,2
149,123,106,2
40,39,11,2
172,170,122,2
61,122,188,1
50,106,153,1
99,146,220,1
165,165,117,2
179,180,138,2
103,102,46,2
14,10,0,2
116,153,215,1
52,55,23,2
158,195,255,1
124,153,107,2
183,180,135,2
177,171,128,2
54,55,21,2
48,88,137,1
181,180,130,2
11,166,192,2
202,201,163,2
103,153,119,2
159,196,254,1
87,191,226,2
189,189,149,2
143,186,237,1
134,142,89,2
180,177,132,2
64,28,248,2
180,174,129,2
71,70,74,2
167,163,114,2
140,139,88,2
182,176,131,2
140,96,187,2
63,69,28,2
201,199,164,2
206,216,255,1
101,138,190,1
159,163,122,2
75,78,29,2
52,90,144,1
187,186,142,2
53,57,21,2
166,162,114,2
197,195,161,2
182,181,131,2
199,197,162,2
0,2,179,2
139,162,230,1
19,17,0,2
205,204,170,2
124,128,86,2
37,60,38,2
123,163,222,1
232,215,206,2
150,186,250,1
3,0,180,2
141,144,89,2
54,54,54,2
175,173,125,2
3,2,0,2
3,2,6,2
146,145,85,2
111,228,249,2
18,255,255,2
52,53,9,2
232,215,206,2
143,142,91,2
201,200,162,2
125,128,89,2
90,85,46,2
165,163,115,2
124,167,210,1
186,187,145,2
174,177,115,2
202,200,165,2
35,34,8,2
182,179,134,2
111,142,203,1
109,114,59,2
97,103,44,2
75,78,29,2
141,170,231,1
141,140,102,2
65,68,52,2
53,57,22,2
55,54,26,2
61,62,22,2
186,186,146,2
199,198,160,2
202,201,163,2
61,120,182,1
61,64,15,2
68,69,25,2
73,74,34,2
164,163,113,2
164,163,113,2
180,178,130,2
181,181,133,2
178,175,131,2
149,186,254,1
52,56,20,2
180,168,132,2
181,179,131,2
129,163,216,1
112,115,170,1
172,168,120,2
218,202,195,2
55,56,22,2
111,148,206,1
173,172,122,2
186,162,150,2
129,136,101,2
165,164,114,2
185,183,135,2
2,167,253,2
239,244,243,2
24,25,5,2
139,140,106,2
175,173,125,2
179,180,138,2
183,182,138,2
80,79,28,2
88,32,21,2
70,73,24,2
197,209,255,1
168,171,116,2
89,124,192,1
165,181,234,1
163,164,114,2
176,178,132,2
81,84,28,2
141,140,89,2
12,15,0,2
180,176,127,2
164,189,151,2
26,25,5,2
168,168,120,2
165,165,117,2
92,28,17,2
166,169,123,2
175,174,130,2
171,172,138,2
137,140,91,2
178,176,128,2
151,150,99,2
200,198,163,2
27,28,26,2
133,160,227,1
148,150,98,2
121,121,67,2
68,70,28,2
149,94,217,2
142,145,96,2
189,187,147,2
151,184,223,1
224,68,45,2
172,172,126,2
151,150,94,2
222,222,216,2
165,164,114,2
179,177,129,2
70,71,51,2
113,137,191,1
182,179,134,2
201,199,159,2
81,90,128,1
122,157,225,1
199,197,162,2
201,200,162,2
80,76,35,2
43,64,116,1
182,180,132,2
162,160,112,2
97,127,192,1
120,161,210,1
173,173,127,2
117,116,58,2
182,179,135,2
0,0,255,2
116,218,213,2
151,166,229,1
199,197,163,2
173,187,240,1
169,152,143,2
176,171,126,2
111,217,241,2
53,54,20,2
181,182,140,2
187,188,146,2
140,139,81,2
166,182,235,1
198,197,159,2
163,163,115,2
5,3,2,2
96,117,168,1
69,70,26,2
171,170,120,2
179,176,131,2
162,160,142,2
240,233,230,2
132,135,89,2
227,156,89,2
111,141,200,1
138,144,113,2
35,34,8,2
90,3,6,2
50,51,31,2
168,157,119,2
188,177,255,2
21,21,5,2
166,184,231,1
80,52,211,2
63,64,22,2
176,182,135,2
50,52,16,2
197,197,157,2
129,129,129,2
162,161,110,2
10,7,2,2
20,17,2,2
180,178,130,2
173,173,127,2
115,150,223,1
111,113,107,2
181,178,134,2
59,102,255,2
4,5,3,2
49,50,11,2
132,153,255,2
149,148,92,2
194,192,144,2
42,96,149,1
50,50,14,2
137,173,227,1
62,62,22,2
143,146,97,2
113,151,215,1
74,90,127,1
145,166,227,1
42,43,41,2
35,37,7,2
179,176,131,2
90,101,153,1
54,55,21,2
0,0,187,2
179,177,129,2
131,127,102,2
131,175,229,1
19,17,0,2
150,184,123,2
132,171,226,1
103,143,208,1
177,175,127,2
181,179,131,2
41,42,10,2
202,200,165,2
250,215,211,2
2,136,106,2
156,159,110,2
53,55,19,2
62,106,159,1
162,164,128,2
182,176,131,2
47,67,125,1
195,193,152,2
100,95,156,2
183,179,138,2
183,180,135,2
202,205,210,2
130,164,218,1
21,19,1,2
83,91,131,1
85,34,14,2
109,147,205,1
179,177,123,2
135,137,95,2
163,161,113,2
231,237,242,2
182,174,134,2
51,53,17,2
149,151,105,2
186,183,138,2
133,163,228,1
201,200,162,2
67,69,27,2
133,163,228,1
44,68,122,1
240,225,222,2
60,123,191,1
168,168,120,2
52,52,16,2
124,156,222,1
157,160,128,2
171,169,121,2
197,197,157,2
57,61,19,2
132,133,101,2
193,191,160,2
202,199,171,2
154,160,119,2
148,145,90,2
0,1,0,2
24,52,29,2
171,170,120,2
4,0,189,2
59,56,28,2
169,168,117,2
114,153,215,1
171,185,238,1
181,178,134,2
0,0,255,2
10,7,0,2
53,57,21,2
163,162,111,2
148,186,240,1
47,100,157,1
49,38,24,2
127,130,80,2
98,97,39,2
171,169,121,2
171,170,120,2
24,105,255,2
116,119,174,1
52,46,235,2
120,154,123,2
7,6,2,2
123,170,224,1
184,182,141,2
111,152,214,1
41,39,39,2
170,170,124,2
50,92,139,1
196,192,157,2
179,176,132,2
61,110,172,1
0,0,0,2
170,169,119,2
115,152,214,1
97,90,151,2
141,132,248,2
85,83,29,2
205,203,169,2
49,49,13,2
145,148,103,2
197,190,171,2
177,176,132,2
37,159,83,2
177,177,129,2
128,129,85,2
135,163,228,1
145,169,229,1
54,107,158,1
102,143,206,1
136,139,90,2
126,129,184,1
179,182,243,1
198,198,158,2
43,44,42,2
5,6,0,2
196,194,160,2
23,63,45,2
140,140,86,2
28,28,14,2
173,172,122,2
153,162,129,2
179,195,242,1
73,81,121,1
80,86,127,1
117,130,198,1
59,57,16,2
141,139,85,2
6,48,17,2
250,254,255,2
119,118,60,2
180,180,134,2
150,153,107,2
181,178,134,2
36,0,144,2
18,14,3,2
72,74,28,2
10,8,7,2
23,17,4,2
99,154,227,1
133,132,74,2
158,161,122,2
125,124,66,2
132,172,221,1
174,171,133,2
180,179,135,2
52,53,13,2
176,173,128,2
201,198,160,2
172,168,120,2
176,192,239,1
58,129,197,1
179,177,129,2
130,132,90,2
168,181,225,1
59,55,26,2
114,116,86,2
173,189,236,1
64,48,213,2
54,54,54,2
163,164,124,2
145,147,95,2
3,3,3,2
68,70,24,2
175,180,241,1
156,158,112,2
149,123,83,2
61,65,24,2
190,190,154,2
178,175,131,2
183,178,133,2
63,124,190,1
151,189,253,1
0,255,255,2
179,176,131,2
241,230,226,2
39,33,20,2
201,200,162,2
103,101,53,2
193,192,154,2
180,179,135,2
153,191,255,1
3,2,0,2
96,93,65,2
126,129,184,1
56,99,150,1
140,176,224,1
159,163,128,2
22,22,6,2
182,180,132,2
152,190,254,1
69,69,15,2
151,156,111,2
170,169,119,2
200,198,163,2
177,174,129,2
200,211,255,1
176,174,126,2
168,183,229,1
30,21,148,2
163,162,112,2
6,2,7,2
34,56,28,2
112,118,171,1
32,33,7,2
171,178,127,2
188,183,138,2
238,199,161,2
106,120,232,2
36,93,145,1
182,178,137,2
169,167,119,2
178,176,135,2
197,195,160,2
181,181,135,2
190,188,148,2
141,141,87,2
32,33,7,2
47,100,157,1
200,198,163,2
154,155,111,2
183,181,141,2
180,177,132,2
101,117,176,1
59,127,200,1
110,91,110,2
166,162,114,2
53,28,218,2
168,168,120,2
150,166,232,1
44,164,83,2
153,152,96,2
165,163,115,2
35,34,8,2
204,110,144,2
59,58,24,2
172,169,124,2
60,23,239,2
178,175,131,2
68,69,25,2
178,175,131,2
136,139,90,2
147,190,253,1
12,5,186,2
146,148,96,2
53,52,14,2
53,58,29,2
234,246,248,2
184,181,136,2
140,143,94,2
166,166,118,2
145,143,89,2
202,230,201,2
200,160,208,2
178,175,131,2
167,181,233,1
133,133,133,2
75,78,29,2
52,92,141,1
131,125,80,2
152,153,103,2
156,157,113,2
81,50,205,2
89,131,198,1
116,115,57,2
34,39,8,2
114,116,57,2
176,174,126,2
156,159,110,2
161,177,230,1
182,183,141,2
178,176,128,2
67,67,19,2
165,161,112,2
90,68,247,2
178,176,128,2
220,183,79,2
199,197,163,2
62,121,177,1
1,135,105,2
181,179,138,2
12,26,14,2
222,155,158,2
195,193,153,2
54,55,21,2
106,64,81,2
164,162,114,2
74,76,30,2
139,140,90,2
54,111,167,1
145,147,95,2
190,188,147,2
17,18,14,2
236,193,160,2
97,96,46,2
99,136,196,1
12,13,3,2
186,182,129,2
47,49,30,2
192,191,153,2
79,82,33,2
158,157,101,2
163,161,107,2
176,193,236,1
156,159,113,2
32,33,7,2
178,176,128,2
101,148,222,1
160,158,104,2
163,161,113,2
175,172,127,2
25,56,29,2
197,196,168,2
172,170,122,2
133,139,238,2
200,196,161,2
178,175,130,2
180,178,130,2
179,176,131,2
176,174,126,2
145,144,88,2
95,166,39,2
171,167,118,2
105,107,61,2
174,171,127,2
69,70,26,2
159,162,123,2
179,179,139,2
203,201,167,2
6,0,1,2
17,17,1,2
177,174,129,2
187,187,147,2
145,143,89,2
171,170,119,2
36,1,142,2
71,72,56,2
112,153,215,1
0,194,0,2
163,164,114,2
60,63,18,2
199,198,160,2
186,187,145,2
186,185,141,2
45,98,155,1
222,204,197,2
210,211,215,2
74,74,26,2
137,73,102,2
202,201,163,2
147,184,240,1
211,195,183,2
178,175,131,2
143,81,105,2
9,8,12,2
88,144,225,1
180,179,135,2
145,185,250,1
171,187,234,1
57,231,253,2
203,200,162,2
16,14,3,2
180,177,132,2
205,204,170,2
109,108,64,2
0,0,0,2
177,174,129,2
164,179,228,1
60,61,19,2
105,106,56,2
199,197,162,2
172,173,131,2
140,142,96,2
145,145,99,2
178,178,132,2
171,185,238,1
165,164,114,2
58,105,159,1
100,93,154,2
173,169,120,2
94,94,40,2
96,143,224,1
124,164,217,1
100,149,219,1
165,164,114,2
178,177,127,2
0,1,5,2
182,179,135,2
4,0,72,2
33,32,6,2
174,172,124,2
213,196,183,2
173,172,122,2
30,52,34,2
103,102,46,2
150,188,252,1
119,120,81,2
172,171,121,2
140,144,95,2
199,197,162,2
4,0,5,2
106,149,206,1
111,136,110,2
18,15,1,2
148,149,99,2
134,170,216,1
129,168,220,1
181,178,134,2
54,55,16,2
192,191,153,2
178,176,128,2
29,30,20,2
194,193,155,2
91,89,35,2
190,191,149,2
122,122,122,2
47,69,121,1
76,79,33,2
135,169,222,1
110,152,205,1
54,72,125,1
171,168,123,2
66,70,51,2
198,198,158,2
161,197,255,1
77,80,31,2
99,98,72,2
157,194,254,1
181,178,133,2
139,142,93,2
16,14,3,2
169,170,120,2
201,200,162,2
44,163,85,2
130,130,130,2
0,20,148,2
198,194,159,2
57,104,156,1
158,186,247,1
180,177,132,2
60,120,186,1
108,143,206,1
158,160,108,2
157,160,111,2
160,127,47,2
45,107,171,1
179,175,126,2
145,167,232,1
172,170,122,2
116,115,57,2
51,52,18,2
54,56,20,2
60,59,31,2
79,82,33,2
127,127,127,2
170,183,239,1
147,187,252,1
203,201,166,2
196,192,157,2
165,165,117,2
192,192,152,2
163,179,222,1
93,142,212,1
79,85,128,1
109,133,163,1
0,182,0,2
163,177,229,1
2,3,1,2
192,189,145,2
172,171,121,2
134,134,134,2
136,137,97,2
180,178,137,2
80,115,181,1
90,89,33,2
92,27,18,2
84,93,131,1
21,25,14,2
177,178,146,2
141,144,95,2
190,188,148,2
0,178,3,2
114,116,57,2
33,79,57,2
176,174,126,2
40,93,73,2
159,161,115,2
94,53,68,2
179,176,131,2
168,168,120,2
126,157,226,1
127,133,86,2
99,105,158,1
149,189,254,1
40,77,43,2
181,178,134,2
14,14,0,2
66,64,16,2
78,76,52,2
123,160,218,1
108,150,215,1
201,200,162,2
138,138,92,2
97,152,225,1
181,180,146,2
31,28,14,2
187,187,139,2
178,175,131,2
168,166,112,2
111,112,56,2
179,176,131,2
43,44,40,2
136,138,92,2
14,18,221,2
60,62,20,2
61,74,36,2
185,183,135,2
147,185,233,1
33,34,24,2
159,164,227,1
114,152,206,1
158,156,102,2
181,179,138,2
164,162,114,2
154,160,119,2
190,194,142,2
182,179,135,2
59,63,22,2
5,0,1,2
76,80,28,2
109,212,207,2
143,141,87,2
233,214,79,2
3,1,0,2
176,176,128,2
95,143,221,1
178,175,124,2
15,14,0,2
78,118,193,1
51,50,16,2
227,74,53,2
107,145,209,1
44,45,13,2
160,164,123,2
182,183,144,2
202,200,165,2
16,56,162,2
138,137,87,2
54,96,143,1
180,178,130,2
153,191,255,1
111,112,62,2
144,146,87,2
175,172,127,2
182,179,135,2
32,33,23,2
154,160,119,2
157,161,126,2
74,72,48,2
44,46,34,2
192,191,153,2
64,121,182,1
164,163,113,2
143,170,237,1
192,192,152,2
66,68,26,2
114,154,212,1
68,64,23,2
38,37,9,2
173,172,122,2
6,5,0,2
111,108,57,2
135,170,226,1
198,197,159,2
88,91,36,2
59,61,32,2
246,251,250,2
63,70,25,2
177,174,129,2
179,177,129,2
129,158,225,1
154,158,122,2
174,171,127,2
109,230,250,2
174,173,123,2
177,175,135,2
98,97,46,2
165,165,117,2
177,175,127,2
168,169,119,2
134,168,221,1
17,18,14,2
189,164,120,2
127,133,86,2
19,62,49,2
36,36,24,2
169,157,123,2
163,162,111,2
181,100,157,2
24,85,65,2
100,95,156,2
252,254,184,2
180,179,135,2
175,165,118,2
147,145,87,2
227,238,242,2
200,198,163,2
52,53,14,2
61,65,46,2
128,128,68,2
77,68,54,2
6,3,0,2
153,188,252,1
172,169,124,2
95,13,1,2
118,154,224,1
180,179,135,2
64,62,22,2
139,137,83,2
65,124,186,1
157,155,101,2
157,161,126,2
54,55,16,2
29,30,28,2
121,158,216,1
122,155,224,1
128,128,128,2
182,180,132,2
153,191,255,1
141,144,105,2
192,192,152,2
179,181,135,2
174,172,124,2
176,176,130,2
34,33,5,2
142,142,96,2
38,36,5,2
6,3,5,2
170,168,120,2
172,171,121,2
9,7,0,2
4,2,2,2
5,3,2,2
198,198,158,2
77,84,127,1
140,144,95,2
77,118,197,1
180,178,137,2
136,163,230,1
169,183,236,1
173,172,122,2
174,173,123,2
136,139,90,2
54,101,152,1
55,132,125,2
157,155,101,2
141,138,87,2
53,54,20,2
255,255,255,2
94,143,217,1
113,170,232,1
179,176,132,2
64,67,21,2
128,194,129,2
152,188,228,1
164,163,112,2
83,85,39,2
197,195,160,2
201,213,255,1
132,158,225,1
172,171,121,2
165,199,255,1
241,206,173,2
129,133,92,2
177,188,238,1
35,34,8,2
189,185,137,2
103,101,53,2
197,168,153,2
64,67,28,2
52,53,19,2
131,81,59,2
200,198,163,2
201,200,162,2
56,57,23,2
173,174,184,2
199,197,162,2
180,179,145,2
81,82,26,2
227,208,203,2
193,192,154,2
206,216,255,1
89,67,246,2
92,90,36,2
255,0,128,2
74,75,55,2
163,166,121,2
147,183,253,1
45,112,107,2
146,148,96,2
97,148,228,1
141,144,95,2
23,18,117,2
176,175,125,2
5,192,0,2
152,155,110,2
125,163,217,1
68,70,24,2
18,18,6,2
156,160,119,2
1,2,0,2
152,155,110,2
66,25,246,2
174,174,128,2
55,56,22,2
150,153,104,2
182,177,138,2
199,197,162,2
191,204,250,1
68,69,25,2
201,199,158,2
157,161,125,2
84,43,255,2
255,0,128,2
9,13,8,2
59,100,149,1
79,79,63,2
150,188,252,1
199,199,159,2
109,151,210,1
181,178,134,2
181,178,134,2
71,93,135,1
101,255,228,2
53,57,22,2
8,7,3,2
139,142,93,2
61,61,15,2
159,157,169,2
176,167,133,2
96,142,226,1
204,202,168,2
182,174,127,2
138,139,89,2
96,142,220,1
179,133,175,2
151,163,227,1
142,144,92,2
173,172,122,2
2,0,0,2
82,136,197,1
200,198,163,2
199,197,163,2
100,95,156,2
98,144,221,1
113,152,214,1
177,183,130,2
152,152,98,2
128,159,128,2
124,162,226,1
180,201,253,1
81,90,128,1
45,99,159,1
139,140,90,2
78,72,173,2
69,70,26,2
171,169,121,2
162,159,108,2
162,160,112,2
156,159,113,2
199,198,160,2
98,99,57,2
153,223,217,2
15,14,0,2
172,168,119,2
66,67,41,2
61,56,17,2
174,178,113,2
181,179,131,2
79,96,147,1
174,174,180,2
143,143,83,2
136,139,90,2
180,179,141,2
49,50,10,2
44,94,147,1
193,211,255,1
157,161,125,2
178,176,128,2
53,57,22,2
201,200,162,2
52,53,19,2
181,175,134,2
178,177,127,2
0,1,0,2
180,178,130,2
198,197,159,2
60,59,15,2
19,25,14,2
99,141,218,1
172,189,232,1
174,172,124,2
129,132,87,2
165,163,115,2
52,101,149,1
3,5,0,2
184,181,136,2
178,175,131,2
83,138,219,1
171,187,230,1
57,102,153,1
179,178,174,2
107,149,208,1
38,38,8,2
58,85,219,2
124,127,182,1
194,193,155,2
201,199,164,2
164,162,114,2
50,52,16,2
67,27,246,2
63,64,20,2
97,147,219,1
148,186,250,1
143,68,144,2
199,198,160,2
138,141,92,2
121,120,62,2
17,18,2,2
207,215,255,1
15,13,2,2
76,72,23,2
170,169,119,2
167,164,113,2
178,175,130,2
136,139,89,2
101,135,194,1
165,162,111,2
22,22,16,2
0,134,104,2
106,101,62,2
180,177,132,2
171,168,123,2
54,124,194,1
101,98,47,2
118,117,59,2
141,140,89,2
27,60,39,2
238,201,167,2
161,159,111,2
163,162,112,2
193,192,154,2
160,206,217,2
199,197,162,2
103,148,205,1
200,196,161,2
37,94,145,1
45,15,218,2
137,136,86,2
84,53,208,2
163,162,112,2
80,82,36,2
16,14,3,2
165,164,114,2
165,165,119,2
231,162,99,2
136,139,90,2
134,164,221,1
7,7,0,2
68,69,25,2
54,55,21,2
54,94,146,1
194,193,155,2
73,57,222,2
179,178,134,2
175,191,234,1
134,138,89,2
150,75,149,2
97,156,228,1
166,164,116,2
36,38,8,2
97,143,220,1
197,197,161,2
166,164,116,2
182,178,137,2
177,175,127,2
150,147,96,2
84,53,210,2
206,227,159,2
48,40,187,2
255,128,0,2
135,72,92,2
238,200,166,2
23,36,14,2
2,0,0,2
165,163,115,2
181,178,133,2
62,117,174,1
55,59,24,2
37,35,34,2
126,129,184,1
62,63,23,2
17,29,9,2
178,175,131,2
178,175,131,2
68,46,235,2
248,250,250,2
67,67,21,2
138,140,88,2
230,159,95,2
157,159,117,2
30,31,11,2
196,194,159,2
179,176,132,2
129,173,226,1
199,199,159,2
109,124,234,2
6,2,8,2
123,154,215,1
137,156,17,2
172,174,138,2
157,163,162,2
178,175,131,2
198,198,158,2
105,141,195,1
191,192,172,2
67,67,51,2
48,63,42,2
120,160,213,1
40,41,31,2
108,148,213,1
180,180,134,2
180,195,241,1
206,218,254,1
163,162,112,2
7,7,1,2
57,59,23,2
155,152,101,2
138,142,93,2
133,159,225,1
177,176,126,2
14,105,255,2
82,52,211,2
106,110,58,2
234,217,77,2
201,200,162,2
186,185,141,2
60,61,19,2
26,28,16,2
154,153,97,2
132,135,90,2
2,0,0,2
196,195,157,2
165,168,119,2
161,168,225,1
66,68,22,2
100,147,221,1
181,198,247,1
72,71,27,2
18,17,3,2
116,116,116,2
53,121,188,1
177,177,129,2
178,172,129,2
122,160,214,1
112,150,208,1
18,152,192,2
112,110,76,2
128,131,86,2
194,192,152,2
167,166,115,2
195,194,156,2
90,30,14,2
77,88,126,1
20,54,47,2
199,197,162,2
101,132,185,1
82,91,129,1
140,140,86,2
197,195,160,2
164,100,176,2
115,116,60,2
113,117,112,2
169,172,116,2
73,75,29,2
1,5,0,2
136,139,90,2
200,195,162,2
16,14,3,2
1,1,1,2
61,125,190,1
57,75,138,1
86,133,214,1
192,191,153,2
71,74,29,2
55,55,25,2
213,170,59,2
192,190,150,2
178,175,130,2
157,161,125,2
164,163,113,2
48,51,49,2
122,154,225,1
83,80,29,2
53,114,180,1
143,146,101,2
1,1,1,2
54,94,142,1
148,166,231,1
142,172,231,1
87,48,254,2
157,177,218,1
118,117,59,2
165,163,109,2
157,163,128,2
154,182,229,1
127,166,218,1
55,68,60,2
148,149,109,2
122,165,216,1
174,163,149,2
179,176,131,2
153,156,106,2
97,97,43,2
25,47,29,2
118,149,224,1
6,7,5,2
164,161,110,2
193,209,252,1
35,34,8,2
61,61,21,2
76,77,51,2
184,183,139,2
54,55,29,2
33,32,4,2
33,35,6,2
56,59,20,2
205,203,202,2
176,174,133,2
182,177,138,2
184,183,139,2
83,84,34,2
179,177,129,2
180,180,134,2
198,198,158,2
153,152,96,2
61,107,171,1
135,136,92,2
200,198,163,2
156,187,240,1
124,131,126,2
94,143,219,1
59,62,23,2
113,162,30,2
54,55,21,2
183,183,137,2
197,124,66,2
7,7,0,2
84,39,255,2
140,143,98,2
171,170,120,2
15,56,18,2
188,186,145,2
166,166,120,2
21,15,2,2
94,145,225,1
112,214,209,2
98,140,217,1
157,155,137,2
45,94,140,1
166,164,110,2
157,161,125,2
198,198,158,2
133,159,229,1
157,157,103,2
3,1,0,2
95,141,219,1
141,167,227,1
149,187,251,1
173,168,119,2
165,161,112,2
69,78,122,1
8,93,71,2
7,4,0,2
60,118,177,1
63,116,173,1
27,178,21,2
98,147,223,1
179,176,132,2
154,160,119,2
110,212,207,2
170,169,119,2
57,58,18,2
16,15,1,2
198,198,158,2
163,162,112,2
89,86,142,2
165,161,112,2
178,175,131,2
197,195,160,2
199,198,160,2
11,49,27,2
75,77,35,2
74,76,30,2
176,175,125,2
60,60,46,2
208,214,255,1
117,159,224,1
173,172,122,2
178,175,130,2
37,39,3,2
73,50,202,2
202,200,165,2
10,9,11,2
155,159,118,2
146,147,97,2
26,59,38,2
49,49,9,2
101,96,157,2
178,176,128,2
63,59,18,2
164,162,114,2
68,69,27,2
168,184,237,1
37,36,8,2
170,171,129,2
102,139,213,1
57,112,169,1
48,47,13,2
187,186,142,2
226,225,211,2
181,177,136,2
125,137,203,1
132,167,223,1
180,179,135,2
73,79,124,1
188,185,140,2
36,36,20,2
13,17,12,2
50,50,10,2
96,97,47,2
117,116,58,2
140,140,86,2
50,97,255,2
152,153,103,2
182,179,135,2
4,4,0,2
99,107,60,2
57,103,157,1
90,88,34,2
60,62,26,2
110,167,228,1
144,177,223,1
178,175,131,2
238,204,168,2
180,177,132,2
180,178,130,2
101,19,7,2
61,61,21,2
180,178,137,2
33,37,26,2
36,40,21,2
72,75,29,2
11,28,7,2
196,195,157,2
124,158,224,1
156,158,112,2
172,170,122,2
174,172,124,2
145,163,226,1
6,16,157,2
67,66,16,2
199,198,160,2
55,39,180,2
20,17,2,2
125,130,91,2
94,25,16,2
86,95,133,1
67,68,26,2
38,0,142,2
196,192,157,2
110,109,53,2
167,180,236,1
84,82,41,2
201,210,253,1
41,95,155,1
180,197,240,1
200,199,161,2
97,144,218,1
14,14,8,2
221,211,204,2
49,157,45,2
178,175,131,2
229,161,96,2
118,74,11,2
144,169,225,1
139,138,100,2
86,121,189,1
224,206,207,2
231,214,74,2
33,72,56,2
128,171,220,1
180,178,137,2
64,67,28,2
144,140,91,2
126,126,126,2
41,94,151,1
153,154,104,2
59,113,176,1
95,97,51,2
22,23,3,2
134,137,92,2
158,157,101,2
177,173,154,2
61,65,24,2
133,131,83,2
16,14,3,2
176,172,123,2
145,144,88,2
48,92,139,1
137,173,227,1
178,178,132,2
74,164,75,2
55,55,25,2
120,155,221,1
54,5,0,2
59,86,143,1
44,47,32,2
10,10,4,2
74,84,124,1
107,106,68,2
54,54,14,2
172,188,241,1
80,24,29,2
81,83,31,2
95,148,221,1
168,168,120,2
57,38,201,2
79,48,209,2
103,91,111,2
118,117,59,2
133,169,223,1
177,175,127,2
39,171,34,2
184,183,139,2
142,143,81,2
114,216,211,2
64,126,190,1
233,220,218,2
47,79,32,2
44,164,83,2
172,171,121,2
5,6,0,2
178,71,90,2
105,133,164,1
0,2,6,2
150,191,254,1
172,171,120,2
25,92,83,2
83,183,238,2
51,52,13,2
184,184,138,2
255,255,255,2
132,141,90,2
142,140,86,2
113,146,215,1
171,169,121,2
134,167,217,1
200,198,163,2
33,34,8,2
14,13,0,2
197,195,160,2
135,143,90,2
124,42,41,2
112,138,198,1
198,196,161,2
79,82,33,2
192,191,153,2
83,83,37,2
227,206,204,2
166,165,115,2
254,231,229,2
198,198,158,2
146,147,97,2
199,197,162,2
172,171,121,2
183,181,133,2
178,175,131,2
161,158,107,2
55,60,21,2
61,62,23,2
116,153,211,1
33,35,6,2
17,138,23,2
201,201,171,2
165,165,119,2
98,138,203,1
198,195,164,2
200,207,255,1
244,249,250,2
110,218,242,2
201,199,164,2
111,146,202,1
176,177,127,2
65,67,25,2
120,119,81,2
43,41,237,2
43,90,142,1
238,202,166,2
195,193,158,2
143,160,223,1
172,171,121,2
239,228,214,2
72,72,24,2
15,15,9,2
59,63,22,2
155,159,124,2
163,162,112,2
136,139,90,2
50,53,38,2
16,14,3,2
144,143,87,2
120,150,207,1
178,143,140,2
174,173,122,2
53,53,17,2
60,61,21,2
56,61,22,2
2,1,0,2
108,141,106,2
177,174,129,2
172,170,122,2
184,181,136,2
148,151,102,2
182,180,132,2
184,181,136,2
248,250,250,2
169,185,232,1
177,173,138,2
24,120,13,2
140,138,107,2
191,192,150,2
54,58,22,2
192,192,152,2
55,56,22,2
17,123,3,2
141,140,82,2
144,146,94,2
55,56,22,2
26,24,6,2
136,138,92,2
72,129,191,1
138,138,92,2
120,152,223,1
170,170,124,2
107,152,225,1
75,76,37,2
165,181,227,1
55,78,123,1
103,153,219,1
219,129,202,2
201,200,162,2
167,167,119,2
174,173,123,2
81,84,28,2
54,126,196,1
76,181,238,2
182,179,135,2
13,13,0,2
133,136,81,2
16,7,188,2
57,58,14,2
196,195,157,2
48,97,143,1
60,29,238,2
109,150,213,1
158,194,254,1
114,131,188,1
130,133,88,2
176,176,122,2
55,56,22,2
176,175,124,2
122,160,214,1
164,162,114,2
197,196,158,2
176,174,126,2
22,22,4,2
180,177,132,2
93,89,148,2
198,197,159,2
76,130,123,2
199,197,162,2
19,9,193,2
47,118,255,2
126,136,244,2
92,90,36,2
66,68,32,2
0,191,1,2
201,210,254,1
181,181,135,2
49,58,48,2
143,176,239,1
11,10,6,2
201,198,160,2
253,255,255,2
202,200,165,2
225,213,207,2
181,178,133,2
136,139,90,2
67,68,29,2
70,73,24,2
177,175,127,2
165,169,134,2
178,175,130,2
109,115,168,1
54,58,22,2
123,118,73,2
164,162,114,2
57,59,23,2
201,200,162,2
255,0,0,2
172,173,129,2
109,128,149,1
36,72,50,2
199,197,163,2
198,122,69,2
56,81,215,2
200,198,163,2
54,58,46,2
82,82,68,2
182,182,142,2
64,63,29,2
49,93,140,1
54,115,181,1
0,3,189,2
91,84,67,2
4,1,0,2
155,159,123,2
183,181,141,2
177,175,127,2
40,0,144,2
172,171,121,2
58,117,186,1
67,62,31,2
17,16,6,2
20,17,3,2
6,4,4,2
198,198,158,2
54,55,23,2
178,175,131,2
202,200,165,2
0,0,255,2
179,177,129,2
178,178,132,2
78,47,202,2
135,137,137,2
33,34,8,2
58,59,20,2
178,175,131,2
178,189,241,1
153,126,106,2
15,16,14,2
175,173,125,2
141,163,229,1
59,114,175,1
45,46,14,2
0,2,3,2
26,20,9,2
187,122,191,2
131,130,74,2
0,1,1,2
186,185,141,2
158,158,128,2
139,158,17,2
121,153,212,1
97,96,75,2
126,126,126,2
162,176,229,1
172,178,129,2
149,187,251,1
156,84,150,2
172,170,122,2
166,163,112,2
177,178,136,2
0,0,1,2
53,55,19,2
141,144,95,2
154,125,110,2
57,60,21,2
121,164,215,1
151,150,94,2
167,165,134,2
202,201,163,2
138,140,88,2
164,162,114,2
198,197,159,2
19,22,13,2
12,150,192,2
20,18,0,2
53,46,191,2
172,168,119,2
201,200,162,2
53,57,22,2
140,140,86,2
52,54,18,2
195,192,154,2
242,229,221,2
147,168,22,2
181,178,133,2
199,197,162,2
80,87,126,1
138,162,228,1
119,160,223,1
240,205,172,2
32,33,7,2
175,172,127,2
61,121,187,1
72,72,24,2
201,200,162,2
92,143,223,1
32,109,255,2
162,159,108,2
67,68,24,2
92,131,79,2
181,178,134,2
145,182,250,1
201,199,159,2
173,187,239,1
138,137,81,2
132,129,184,1
178,176,128,2
0,0,255,2
202,201,163,2
140,137,86,2
116,92,68,2
178,178,132,2
58,117,173,1
179,177,129,2
63,64,24,2
129,129,129,2
150,168,233,1
35,34,8,2
153,154,110,2
81,75,70,2
163,164,120,2
157,161,125,2
116,140,170,1
107,142,208,1
42,43,11,2
161,164,118,2
138,139,89,2
107,67,79,2
86,92,133,1
61,65,24,2
30,68,38,2
185,182,137,2
163,162,106,2
0,0,168,2
252,247,184,2
143,142,198,1
20,16,5,2
184,182,134,2
181,178,134,2
199,197,163,2
140,166,232,1
151,152,150,2
183,180,136,2
101,117,176,1
176,174,126,2
205,217,253,1
53,57,22,2
102,140,194,1
30,31,5,2
141,140,82,2
155,175,230,1
103,143,201,1
105,139,198,1
177,178,134,2
174,173,123,2
159,174,106,2
152,155,109,2
244,235,231,2
177,178,134,2
131,159,220,1
255,0,128,2
200,200,160,2
138,137,86,2
223,154,84,2
173,171,130,2
11,19,9,2
54,54,18,2
104,160,87,2
239,201,166,2
49,54,23,2
156,191,255,1
164,160,112,2
169,170,126,2
55,102,156,1
158,162,127,2
188,183,138,2
137,113,95,2
197,124,66,2
201,200,162,2
142,141,85,2
193,192,154,2
135,131,82,2
49,54,22,2
55,56,22,2
173,172,122,2
96,145,219,1
121,156,219,1
182,178,130,2
62,62,62,2
16,7,188,2
54,122,37,2
55,62,11,2
65,67,21,2
198,198,162,2
199,197,162,2
173,169,120,2
174,188,241,1
32,31,27,2
50,169,90,2
130,159,228,1
167,185,244,1
142,145,100,2
146,167,21,2
180,178,137,2
158,157,101,2
182,179,135,2
69,70,26,2
159,160,116,2
170,169,119,2
79,79,25,2
182,179,135,2
128,128,128,2
170,169,119,2
255,252,177,2
1,1,1,2
255,128,0,2
161,165,130,2
88,28,22,2
150,97,218,2
136,136,190,1
111,151,210,1
164,163,113,2
0,3,1,2
169,180,237,1
151,162,230,1
55,56,17,2
85,87,35,2
164,163,107,2
166,167,128,2
96,94,40,2
166,165,121,2
150,149,98,2
88,90,44,2
15,12,0,2
173,174,132,2
101,140,192,1
166,177,235,1
178,175,131,2
128,128,128,2
248,212,206,2
46,103,159,1
52,113,175,1
34,34,10,2
103,142,204,1
190,188,148,2
199,197,162,2
164,162,114,2
172,179,144,2
157,178,229,1
55,62,19,2
164,162,114,2
89,119,184,1
52,53,14,2
34,35,9,2
187,198,242,1
129,170,219,1
205,204,170,2
10,10,4,2
200,199,173,2
135,137,91,2
54,55,21,2
69,70,28,2
161,165,130,2
172,186,234,1
153,154,110,2
0,0,255,2
0,3,0,2
83,124,193,1
185,183,135,2
79,79,25,2
209,177,58,2
61,47,24,2
198,194,159,2
202,200,165,2
35,34,6,2
193,196,157,2
137,140,84,2
193,191,156,2
186,184,143,2
147,152,107,2
3,0,170,2
59,99,151,1
140,139,81,2
171,170,120,2
102,139,191,1
126,136,243,2
140,139,81,2
97,150,223,1
126,126,126,2
94,197,192,2
100,99,41,2
71,64,25,2
180,177,133,2
110,149,211,1
185,183,143,2
29,29,5,2
87,90,40,2
6,4,0,2
175,189,241,1
66,67,25,2
0,255,255,2
243,231,227,2
19,16,2,2
155,164,231,1
25,27,0,2
201,200,162,2
142,91,212,2
43,44,10,2
23,21,3,2
61,65,24,2
107,156,218,1
189,186,148,2
134,160,227,1
109,163,228,1
199,210,254,1
255,214,197,2
12,32,133,2
187,182,137,2
83,89,130,1
147,146,90,2
188,188,148,2
84,133,209,1
181,179,138,2
56,58,22,2
170,184,237,1
157,161,125,2
14,23,13,2
98,101,52,2
162,162,116,2
100,88,108,2
150,166,219,1
63,64,20,2
170,169,119,2
133,172,224,1
182,179,134,2
182,179,135,2
180,175,130,2
140,177,251,1
76,109,178,1
139,141,89,2
52,54,18,2
31,31,19,2
101,105,53,2
109,150,205,1
148,185,245,1
124,160,214,1
251,232,229,2
186,187,137,2
203,213,253,1
204,202,168,2
84,94,134,1
178,175,130,2
33,38,29,2
189,186,148,2
192,192,152,2
48,52,11,2
241,180,178,2
178,178,132,2
0,255,255,2
53,93,141,1
178,174,125,2
172,169,124,2
80,86,33,2
111,168,229,1
28,212,230,2
54,122,189,1
148,168,215,1
179,177,129,2
255,255,255,2
49,117,184,1
111,228,249,2
171,170,120,2
180,178,137,2
127,130,185,1
129,130,96,2
55,59,24,2
167,188,226,1
136,137,98,2
165,164,114,2
0,128,0,2
198,198,158,2
34,105,85,2
58,118,178,1
202,200,165,2
173,173,127,2
46,100,153,1
161,165,130,2
162,161,111,2
107,106,48,2
145,147,105,2
147,144,93,2
176,174,126,2
1,3,4,2
110,112,83,2
182,179,135,2
136,174,222,1
3,8,0,2
7,1,186,2
107,17,100,2
117,129,187,1
186,184,143,2
61,63,17,2
162,166,124,2
147,168,230,1
182,177,144,2
151,150,99,2
39,37,27,2
55,56,24,2
128,165,221,1
139,138,80,2
75,85,125,1
62,46,201,2
198,198,158,2
20,17,2,2
27,23,5,2
54,55,21,2
174,145,94,2
109,147,211,1
154,187,255,1
200,198,163,2
148,187,255,1
176,175,125,2
138,140,104,2
134,172,220,1
62,63,29,2
180,174,129,2
139,142,93,2
86,89,40,2
232,113,98,2
102,145,202,1
144,99,196,2
116,155,224,1
182,180,132,2
182,178,137,2
147,188,251,1
141,144,99,2
149,168,255,2
164,164,116,2
59,124,125,2
198,199,157,2
167,163,115,2
138,150,156,2
16,39,17,2
243,228,225,2
77,49,208,2
152,190,254,1
56,58,22,2
57,59,23,2
197,195,161,2
66,65,27,2
163,162,111,2
173,172,122,2
128,131,99,2
175,172,127,2
166,209,166,2
171,169,121,2
151,156,111,2
74,77,28,2
129,133,97,2
175,172,127,2
119,169,229,1
165,163,115,2
57,103,157,1
161,166,134,2
153,154,104,2
177,174,130,2
67,69,50,2
15,15,1,2
113,153,206,1
148,158,222,1
175,176,126,2
200,198,163,2
172,169,124,2
63,64,20,2
142,167,229,1
103,141,199,1
179,177,129,2
96,89,40,2
26,16,130,2
167,167,119,2
53,107,170,1
53,54,20,2
20,17,3,2
106,152,223,1
197,195,160,2
83,94,132,1
159,176,233,1
157,163,228,1
112,153,215,1
122,153,222,1
171,170,119,2
123,101,89,2
117,159,212,1
92,32,20,2
123,164,227,1
173,172,122,2
62,59,28,2
88,93,38,2
191,192,150,2
177,174,129,2
55,60,21,2
140,138,84,2
44,45,43,2
173,172,122,2
32,33,7,2
169,180,232,1
146,187,250,1
163,162,112,2
140,139,88,2
126,78,96,2
118,161,210,1
204,213,255,1
67,71,30,2
82,121,190,1
61,62,20,2
180,180,134,2
78,78,172,2
199,211,253,1
43,44,35,2
133,175,222,1
179,179,133,2
170,181,225,1
112,151,213,1
118,155,215,1
125,126,87,2
198,198,158,2
82,115,188,1
91,140,216,1
94,138,215,1
8,9,0,2
182,179,135,2
139,138,80,2
169,167,119,2
41,160,85,2
26,18,142,2
179,176,132,2
181,181,133,2
60,61,19,2
146,186,251,1
212,230,201,2
64,65,25,2
0,0,179,2
170,186,239,1
155,176,23,2
146,143,98,2
128,160,219,1
158,154,106,2
171,170,120,2
192,192,152,2
140,140,86,2
184,181,136,2
247,249,249,2
182,180,132,2
68,103,169,1
129,132,87,2
144,184,249,1
54,93,137,1
140,143,94,2
27,27,21,2
62,126,191,1
120,151,220,1
178,175,131,2
136,136,190,1
122,122,122,2
76,89,127,1
176,136,40,2
177,174,129,2
132,135,90,2
108,210,205,2
157,195,253,1
146,159,221,1
178,176,128,2
4,0,189,2
140,116,98,2
130,133,84,2
62,62,22,2
148,151,102,2
201,200,162,2
40,94,147,1
133,136,110,2
165,166,116,2
53,57,22,2
156,156,108,2
173,172,122,2
103,138,202,1
153,168,231,1
131,134,95,2
50,50,10,2
45,106,78,2
165,161,112,2
91,90,39,2
131,82,98,2
51,52,18,2
237,197,162,2
185,183,143,2
209,102,121,2
131,130,96,2
54,58,17,2
172,170,122,2
241,225,219,2
65,67,21,2
113,148,221,1
54,59,20,2
115,114,56,2
121,122,60,2
17,8,189,2
63,63,23,2
153,191,255,1
34,36,24,2
173,171,130,2
248,250,250,2
87,87,39,2
255,251,184,2
49,50,11,2
65,68,46,2
137,140,91,2
189,190,146,2
171,171,125,2
100,98,44,2
75,90,129,1
36,33,12,2
68,70,24,2
166,178,120,2
58,116,181,1
54,94,142,1
49,47,39,2
157,161,126,2
202,200,165,2
70,79,122,1
21,98,77,2
167,181,230,1
153,191,255,1
161,164,109,2
188,187,143,2
48,100,160,1
2,4,0,2
78,183,234,2
160,157,119,2
121,141,255,2
199,197,162,2
127,155,55,2
55,55,19,2
255,255,254,2
205,204,170,2
172,168,120,2
151,150,99,2
121,119,88,2
118,153,221,1
156,196,255,1
184,181,137,2
114,114,54,2
141,141,95,2
67,127,187,1
202,200,165,2
132,135,89,2
161,161,107,2
180,178,130,2
127,164,214,1
159,162,123,2
182,183,141,2
124,123,65,2
182,179,135,2
128,128,128,2
140,143,93,2
45,95,153,1
125,121,120,2
178,176,122,2
136,134,80,2
179,177,142,2
101,146,220,1
132,137,98,2
188,189,147,2
42,60,47,2
161,165,123,2
174,173,123,2
200,198,163,2
163,164,114,2
182,180,132,2
188,182,141,2
208,195,181,2
151,154,109,2
63,68,23,2
105,106,50,2
105,109,162,1
202,201,163,2
171,172,130,2
183,183,137,2
55,56,22,2
131,162,231,1
52,56,21,2
117,108,71,2
158,156,102,2
191,190,152,2
49,51,22,2
193,191,156,2
195,193,152,2
4,4,4,2
135,137,101,2
197,196,158,2
174,172,124,2
194,192,151,2
198,198,158,2
52,52,52,2
54,106,166,1
255,250,189,2
52,56,21,2
197,198,166,2
199,195,160,2
163,161,107,2
163,162,112,2
98,95,40,2
150,187,255,1
77,78,34,2
47,55,18,2
193,192,154,2
35,38,6,2
195,164,143,2
87,87,51,2
156,174,239,2
161,165,124,2
152,151,101,2
96,199,194,2
192,190,155,2
33,34,8,2
40,77,51,2
107,110,78,2
171,171,135,2
177,175,127,2
60,60,20,2
155,193,255,1
21,18,3,2
59,101,146,1
53,57,21,2
54,93,138,1
79,80,30,2
110,88,112,2
233,114,99,2
3,4,0,2
180,180,134,2
157,175,236,1
181,178,133,2
142,100,33,2
115,114,56,2
142,179,231,1
55,56,22,2
13,13,1,2
102,97,158,2
151,189,254,1
82,52,211,2
199,198,160,2
175,173,125,2
126,162,226,1
52,52,52,2
164,163,113,2
146,159,227,1
130,162,228,1
180,179,135,2
121,156,220,1
159,178,223,1
173,170,125,2
175,173,125,2
76,90,138,1
73,130,192,1
106,121,94,2
57,88,141,1
181,178,133,2
137,139,87,2
129,132,130,2
58,62,21,2
180,179,135,2
182,178,137,2
53,57,22,2
199,98,120,2
174,211,173,2
156,157,107,2
24,55,48,2
202,200,165,2
254,251,177,2
156,172,219,1
66,67,23,2
197,195,160,2
121,146,166,1
97,151,222,1
173,172,122,2
70,135,203,1
128,130,88,2
87,82,33,2
129,162,225,1
101,119,232,2
172,168,120,2
224,228,222,2
174,172,124,2
99,136,186,1
8,12,0,2
60,115,176,1
123,156,225,1
206,101,112,2
4,4,0,2
57,34,220,2
118,150,209,1
163,236,228,2
120,128,91,2
5,6,2,2
2,1,0,2
162,182,230,1
106,146,199,1
152,132,101,2
160,163,118,2
7,11,5,2
27,15,151,2
1,71,141,2
35,37,7,2
184,182,141,2
175,175,129,2
98,30,17,2
69,71,25,2
73,88,127,1
201,200,162,2
12,18,7,2
165,163,115,2
178,177,139,2
54,57,18,2
179,177,129,2
104,149,206,1
60,62,26,2
32,33,7,2
180,179,135,2
4,0,72,2
191,189,148,2
22,18,0,2
183,180,135,2
126,131,186,1
197,196,158,2
37,48,38,2
186,187,145,2
150,153,107,2
255,255,128,2
97,129,182,1
66,66,20,2
150,153,107,2
206,205,171,2
0,128,0,2
31,0,133,2
173,172,122,2
176,175,185,2
116,153,215,1
47,118,182,1
255,0,0,2
140,180,252,1
231,215,208,2
64,65,23,2
106,142,206,1
69,70,26,2
110,120,238,2
165,164,114,2
71,121,187,1
94,97,41,2
121,124,75,2
116,115,57,2
171,165,120,2
117,152,216,1
3,6,0,2
138,137,81,2
29,73,42,2
139,139,91,2
121,159,213,1
49,49,13,2
152,191,255,1
12,6,0,2
172,170,139,2
99,130,191,1
151,152,102,2
151,182,245,1
25,25,9,2
121,155,221,1
200,198,163,2
178,175,131,2
44,45,43,2
178,175,131,2
56,61,22,2
175,173,125,2
80,91,129,1
116,115,59,2
175,174,124,2
165,167,121,2
117,120,118,2
165,163,115,2
200,124,71,2
73,76,27,2
59,61,19,2
138,139,89,2
52,53,19,2
9,7,0,2
178,176,128,2
61,62,22,2
159,163,122,2
158,154,105,2
150,190,255,1
164,162,114,2
70,89,127,1
86,80,39,2
93,92,36,2
91,121,186,1
52,78,132,1
183,180,136,2
76,117,196,1
107,156,224,1
148,150,120,2
143,184,247,1
127,128,88,2
201,200,162,2
173,167,114,2
35,36,34,2
61,62,20,2
182,180,132,2
119,119,59,2
205,204,170,2
74,76,34,2
228,121,137,2
166,166,118,2
128,132,96,2
42,43,11,2
179,180,138,2
82,95,133,1
163,162,112,2
133,175,218,1
20,17,2,2
255,128,0,2
123,166,223,1
53,61,20,2
176,174,126,2
118,158,216,1
152,189,227,1
196,195,157,2
223,209,211,2
62,59,14,2
158,162,126,2
181,181,133,2
175,188,244,1
195,194,156,2
145,167,232,1
167,181,233,1
1,139,108,2
68,69,25,2
48,50,14,2
128,79,87,2
186,184,144,2
132,137,86,2
175,173,125,2
133,169,223,1
194,193,155,2
186,185,141,2
119,118,68,2
156,172,225,1
198,211,255,1
92,29,15,2
143,144,104,2
53,57,22,2
189,187,146,2
182,179,135,2
175,190,236,1
162,166,131,2
33,34,8,2
57,59,23,2
171,170,119,2
204,203,169,2
9,7,7,2
4,1,0,2
79,82,32,2
163,167,132,2
220,179,216,2
164,169,114,2
59,120,186,1
179,176,132,2
30,46,23,2
139,137,83,2
240,205,172,2
5,3,3,2
172,171,121,2
202,211,254,1
164,162,114,2
131,171,223,1
181,165,123,2
31,32,6,2
136,139,90,2
156,157,137,2
14,13,9,2
73,77,35,2
186,186,146,2
178,178,130,2
61,101,153,1
121,160,212,1
163,161,113,2
54,58,17,2
60,63,24,2
176,179,130,2
65,70,49,2
53,57,22,2
145,165,230,1
56,62,39,2
63,68,23,2
109,228,254,2
182,177,138,2
124,157,220,1
183,181,133,2
144,143,87,2
147,149,127,2
163,162,112,2
140,140,86,2
47,48,16,2
155,156,106,2
54,48,237,2
141,141,87,2
0,128,0,2
177,174,129,2
57,59,23,2
132,134,92,2
16,16,10,2
98,63,0,2
180,179,135,2
178,178,132,2
149,183,237,1
54,55,21,2
187,186,142,2
74,83,127,1
163,168,136,2
255,253,255,2
165,161,113,2
74,76,57,2
127,160,229,1
155,192,254,1
83,49,210,2
161,153,153,2
175,176,134,2
185,185,139,2
1,127,1,2
170,166,117,2
77,119,172,1
178,179,137,2
200,198,164,2
139,142,93,2
128,132,96,2
154,158,106,2
3,2,0,2
4,4,0,2
171,170,120,2
30,27,6,2
0,3,199,2
129,135,100,2
96,129,179,1
191,189,148,2
163,161,107,2
165,169,127,2
116,123,116,2
121,120,62,2
13,11,3,2
181,178,133,2
182,179,135,2
197,195,160,2
34,15,232,2
106,108,66,2
205,192,178,2
62,62,22,2
84,85,53,2
60,20,239,2
170,170,122,2
194,193,155,2
66,68,22,2
184,184,144,2
183,181,151,2
136,162,232,1
104,103,47,2
139,166,230,1
139,184,252,1
201,200,162,2
69,71,25,2
175,172,127,2
65,66,26,2
198,196,161,2
99,146,220,1
113,113,67,2
30,27,0,2
183,180,135,2
199,197,162,2
255,0,128,2
168,184,231,1
111,232,251,2
180,179,135,2
110,147,205,1
182,178,137,2
159,163,128,2
149,189,254,1
201,199,164,2
154,189,223,1
13,11,0,2
167,164,113,2
102,135,191,1
22,23,3,2
14,14,0,2
93,31,21,2
200,199,161,2
29,28,7,2
171,172,133,2
177,178,136,2
204,203,169,2
90,136,213,1
103,103,73,2
141,140,89,2
23,19,18,2
0,0,6,2
162,165,119,2
161,199,231,1
190,188,147,2
0,255,255,2
53,99,146,1
1,185,1,2
150,152,100,2
174,170,122,2
29,28,2,2
54,55,21,2
182,180,132,2
20,15,148,2
97,97,43,2
189,140,102,2
16,191,241,2
81,85,33,2
32,0,137,2
164,164,116,2
150,153,104,2
122,153,222,1
53,55,19,2
23,49,25,2
46,47,38,2
178,144,101,2
201,199,164,2
182,178,137,2
111,109,55,2
89,92,36,2
173,172,122,2
180,180,134,2
128,130,88,2
51,50,40,2
50,50,14,2
255,250,249,2
181,180,136,2
54,57,31,2
54,95,144,1
174,175,133,2
77,77,29,2
154,110,205,2
68,69,25,2
172,170,122,2
120,119,61,2
4,0,72,2
171,169,121,2
27,28,12,2
162,160,120,2
189,186,141,2
98,99,43,2
174,175,195,2
117,219,214,2
124,121,70,2
163,163,115,2
0,0,0,2
200,198,163,2
117,159,224,1
178,175,130,2
171,170,120,2
58,116,175,1
171,195,241,1
161,175,224,1
180,177,132,2
81,53,212,2
171,167,118,2
17,0,197,2
107,113,166,1
198,194,159,2
53,55,25,2
180,177,132,2
98,133,189,1
185,184,140,2
187,186,142,2
137,139,193,1
199,198,160,2
179,175,127,2
182,179,135,2
61,65,46,2
146,148,96,2
148,169,23,2
46,77,132,1
134,164,57,2
180,177,132,2
2,3,0,2
25,71,42,2
79,81,39,2
53,44,188,2
199,197,162,2
201,199,159,2
202,200,165,2
68,70,24,2
169,169,121,2
196,195,157,2
185,184,140,2
47,98,161,1
133,172,224,1
21,18,3,2
93,145,216,1
118,166,230,1
110,143,162,1
157,161,126,2
137,138,88,2
127,137,191,1
65,65,25,2
114,117,67,2
45,46,44,2
178,178,132,2
80,81,31,2
7,0,0,2
37,0,148,2
127,133,84,2
64,63,19,2
109,177,46,2
151,166,215,1
128,131,186,1
169,168,147,2
115,217,212,2
131,171,223,1
34,36,6,2
64,64,24,2
183,181,133,2
101,108,163,1
162,160,112,2
57,58,18,2
164,163,113,2
180,177,133,2
102,139,191,1
116,119,87,2
146,145,87,2
249,253,254,2
0,0,255,2
179,176,131,2
136,138,92,2
178,175,130,2
198,198,158,2
10,14,226,2
144,179,229,1
166,168,116,2
190,188,147,2
73,73,25,2
25,26,17,2
187,187,147,2
173,173,127,2
6,7,3,2
127,135,242,2
200,200,160,2
159,176,233,1
61,65,29,2
136,162,229,1
196,196,156,2
127,167,219,1
44,93,149,1
181,178,134,2
195,193,153,2
144,147,98,2
112,110,56,2
84,114,85,2
201,200,162,2
72,72,18,2
148,151,102,2
145,147,125,2
129,141,145,2
156,64,107,2
169,169,121,2
93,11,0,2
56,61,22,2
62,64,22,2
75,75,27,2
109,212,207,2
156,156,110,2
23,20,6,2
178,175,130,2
198,194,159,2
201,199,164,2
173,171,123,2
227,213,191,2
109,110,54,2
176,169,130,2
171,170,120,2
28,142,58,2
205,204,170,2
164,163,113,2
106,85,70,2
157,161,125,2
165,181,228,1
167,188,240,1
127,171,218,1
43,47,6,2
144,181,225,1
175,174,140,2
19,15,4,2
77,83,126,1
177,175,127,2
50,51,12,2
197,197,157,2
182,180,140,2
182,179,135,2
135,169,222,1
205,204,170,2
230,214,91,2
55,56,22,2
67,67,67,2
2,0,0,2
31,30,2,2
0,3,0,2
43,44,12,2
197,195,160,2
143,142,84,2
55,56,22,2
172,171,120,2
25,44,17,2
134,134,134,2
193,191,150,2
74,78,29,2
147,150,100,2
232,215,75,2
97,143,220,1
202,201,205,2
176,169,136,2
45,164,86,2
54,54,18,2
81,40,255,2
202,201,163,2
79,82,33,2
91,29,13,2
191,189,149,2
68,70,24,2
86,52,212,2
94,93,37,2
50,165,85,2
136,139,90,2
21,63,32,2
39,72,58,2
151,192,255,1
236,193,160,2
53,55,13,2
200,198,163,2
149,152,106,2
186,186,146,2
183,184,142,2
200,198,163,2
136,180,244,1
43,41,11,2
166,164,116,2
141,140,84,2
62,62,22,2
34,35,9,2
181,178,134,2
41,42,10,2
54,55,21,2
124,155,104,2
165,170,231,1
159,156,105,2
115,113,73,2
131,133,74,2
156,160,125,2
179,177,129,2
19,18,4,2
94,89,151,2
164,160,112,2
114,151,219,1
27,37,20,2
4,4,0,2
199,197,163,2
178,179,137,2
196,195,157,2
178,175,131,2
109,135,189,1
177,146,101,2
52,54,12,2
15,18,2,2
155,158,113,2
105,106,50,2
113,215,210,2
171,168,117,2
171,170,120,2
147,185,250,1
88,29,10,2
199,197,162,2
175,173,125,2
111,105,86,2
143,146,97,2
127,127,127,2
181,178,133,2
187,187,139,2
146,190,249,1
67,70,25,2
179,176,131,2
49,45,4,2
105,152,226,1
142,143,103,2
76,78,32,2
178,175,131,2
177,176,126,2
3,2,0,2
30,83,164,2
54,105,168,1
175,171,123,2
192,148,47,2
197,195,161,2
138,139,89,2
3,4,0,2
154,158,117,2
121,82,68,2
182,179,135,2
184,181,137,2
64,69,24,2
6,4,3,2
20,20,2,2
175,174,124,2
174,169,138,2
172,170,122,2
44,45,11,2
94,93,37,2
131,134,85,2
111,167,232,1
2,0,0,2
51,53,17,2
103,145,210,1
255,255,252,2
44,45,11,2
163,167,132,2
67,52,26,2
13,12,8,2
90,92,40,2
101,139,204,1
4,5,1,2
55,54,40,2
147,145,91,2
150,166,232,1
69,70,26,2
173,171,123,2
50,93,142,1
52,56,20,2
75,78,29,2
50,54,19,2
40,13,217,2
199,199,159,2
142,197,140,2
40,105,83,2
146,185,247,1
33,70,38,2
89,115,91,2
149,150,100,2
164,166,130,2
93,139,216,1
61,65,24,2
111,140,177,1
41,45,10,2
179,180,138,2
145,147,95,2
164,162,114,2
142,140,86,2
166,168,116,2
187,186,152,2
170,168,120,2
77,112,185,1
61,62,18,2
111,114,89,2
176,144,101,2
166,179,235,1
196,195,157,2
123,122,64,2
196,195,157,2
199,197,163,2
139,163,229,1
53,54,20,2
140,140,92,2
136,139,90,2
196,194,154,2
30,69,47,2
181,178,133,2
247,249,249,2
45,94,150,1
37,36,8,2
57,58,14,2
87,90,35,2
48,45,14,2
175,173,125,2
55,56,16,2
12,14,14,2
158,161,116,2
170,169,119,2
50,92,139,1
199,206,255,1
193,192,142,2
168,167,116,2
186,180,139,2
180,179,135,2
171,170,120,2
58,58,22,2
165,164,113,2
51,101,153,1
175,173,125,2
10,37,17,2
113,150,208,1
4,1,0,2
210,215,218,2
51,52,18,2
148,146,92,2
185,184,140,2
201,200,162,2
161,166,134,2
193,192,154,2
48,48,8,2
151,98,219,2
133,150,193,1
57,59,23,2
45,165,84,2
173,169,121,2
201,200,162,2
147,149,103,2
133,177,241,1
97,94,43,2
171,170,120,2
179,180,138,2
57,117,183,1
69,69,23,2
197,197,157,2
170,169,119,2
177,173,132,2
68,70,24,2
178,177,127,2
234,109,81,2
178,178,130,2
77,84,123,1
192,191,157,2
0,180,0,2
53,112,184,1
131,132,76,2
178,175,131,2
195,192,154,2
109,106,55,2
91,89,35,2
196,201,204,2
100,136,206,1
160,158,104,2
104,149,222,1
72,72,24,2
53,104,166,1
71,121,179,1
86,21,20,2
158,195,255,1
138,139,99,2
162,162,114,2
147,183,231,1
156,154,100,2
4,3,0,2
118,122,70,2
167,163,114,2
20,17,3,2
185,183,135,2
116,119,69,2
57,59,17,2
133,167,220,1
174,175,131,2
54,55,21,2
63,64,24,2
177,174,130,2
143,141,93,2
165,181,228,1
134,140,91,2
179,177,129,2
255,254,255,2
173,170,125,2
46,98,75,2
175,173,125,2
96,100,51,2
55,56,22,2
201,199,164,2
104,142,206,1
56,56,20,2
176,174,126,2
174,175,131,2
62,111,173,1
77,79,37,2
135,161,228,1
158,162,126,2
121,126,181,1
94,97,105,2
172,174,132,2
21,19,1,2
95,144,218,1
74,112,190,1
55,56,22,2
120,124,72,2
55,59,24,2
74,93,144,1
201,200,162,2
69,70,26,2
77,90,128,1
157,161,126,2
32,34,5,2
138,141,102,2
227,208,200,2
123,168,219,1
107,106,48,2
110,121,232,2
196,195,157,2
55,56,22,2
168,164,115,2
181,178,133,2
32,33,7,2
172,172,126,2
206,218,254,1
4,0,72,2
179,179,133,2
194,195,153,2
30,34,0,2
136,139,90,2
178,176,122,2
185,185,149,2
200,199,161,2
177,177,129,2
207,215,255,1
100,149,225,1
228,209,204,2
60,87,221,2
107,148,217,1
161,164,114,2
144,146,94,2
232,188,151,2
56,58,22,2
165,169,133,2
0,190,0,2
194,193,155,2
55,55,55,2
182,177,138,2
155,176,24,2
57,97,146,1
199,197,163,2
41,112,255,2
119,159,218,1
146,147,97,2
134,141,96,2
145,176,237,1
127,167,216,1
137,138,88,2
172,173,129,2
199,197,162,2
38,67,28,2
163,162,112,2
73,85,133,1
175,173,125,2
161,179,232,1
0,178,1,2
181,181,133,2
41,41,11,2
41,86,143,1
145,165,22,2
127,130,85,2
186,183,139,2
92,137,218,1
56,55,41,2
2,3,7,2
55,59,18,2
87,121,191,1
197,196,158,2
200,210,250,1
248,250,250,2
185,187,141,2
5,12,5,2
12,11,7,2
179,181,135,2
120,157,217,1
83,85,33,2
62,63,19,2
53,54,14,2
170,166,118,2
205,204,170,2
173,187,240,1
111,110,52,2
132,139,88,2
2,2,0,2
255,255,254,2
170,168,120,2
11,9,0,2
202,201,163,2
45,99,159,1
242,233,229,2
4,0,72,2
167,163,114,2
190,189,145,2
47,49,29,2
197,103,134,2
42,105,255,2
73,80,123,1
151,169,230,1
196,206,254,1
151,189,253,1
2,0,1,2
55,58,19,2
173,173,127,2
186,185,141,2
54,55,21,2
204,202,168,2
57,57,43,2
201,200,162,2
195,193,152,2
162,163,121,2
73,78,81,2
172,183,235,1
107,106,48,2
14,13,9,2
121,132,190,1
166,164,116,2
205,204,170,2
82,82,34,2
152,183,244,1
77,80,31,2
173,170,125,2
206,205,171,2
175,172,127,2
167,165,117,2
103,157,222,1
174,174,128,2
118,152,105,2
75,86,124,1
168,166,112,2
104,104,50,2
38,73,47,2
180,179,135,2
30,29,15,2
255,128,0,2
178,175,131,2
200,195,162,2
157,160,115,2
150,188,252,1
176,176,130,2
133,161,215,1
47,89,136,1
253,255,255,2
185,179,138,2
87,116,185,1
58,59,17,2
172,177,126,2
236,244,251,2
149,96,217,2
180,177,132,2
56,115,177,1
96,141,208,1
178,178,132,2
180,178,130,2
171,170,119,2
171,189,230,1
79,87,127,1
142,141,90,2
180,93,149,2
54,55,13,2
152,159,122,2
3,170,251,2
37,31,8,2
172,171,121,2
52,54,18,2
17,16,2,2
98,141,208,1
193,192,154,2
163,179,232,1
165,163,109,2
38,40,28,2
123,159,219,1
81,35,255,2
171,171,135,2
118,122,86,2
177,175,127,2
74,22,9,2
229,157,93,2
142,145,96,2
149,151,99,2
54,55,21,2
167,185,232,1
171,184,240,1
106,88,105,2
119,169,222,1
162,160,112,2
156,158,106,2
51,48,174,2
49,109,255,2
53,53,17,2
65,68,29,2
69,102,152,1
46,86,134,1
55,56,22,2
156,172,225,1
162,177,226,1
172,172,126,2
147,150,101,2
133,133,73,2
171,170,119,2
112,151,219,1
178,175,131,2
178,178,132,2
22,21,1,2
180,177,132,2
132,133,89,2
135,137,91,2
137,149,155,2
146,164,225,1
255,251,243,2
50,46,241,2
95,126,189,1
172,171,121,2
162,160,112,2
60,64,23,2
56,104,170,1
110,124,190,1
57,59,23,2
81,90,128,1
8,5,1,2
159,157,103,2
84,119,187,1
136,139,90,2
174,191,240,1
124,126,67,2
179,176,132,2
212,197,188,2
6,5,1,2
47,55,18,2
15,22,15,2
91,68,237,2
249,243,230,2
251,255,255,2
152,189,251,1
194,192,157,2
143,142,84,2
94,77,56,2
118,96,78,2
76,41,15,2
153,154,104,2
174,174,128,2
140,140,94,2
44,86,131,1
121,120,62,2
141,140,90,2
146,143,129,2
162,159,114,2
58,58,18,2
46,92,150,1
195,196,154,2
171,169,121,2
62,66,24,2
171,168,130,2
168,166,118,2
59,120,188,1
175,173,125,2
179,176,132,2
116,115,57,2
158,162,126,2
40,43,28,2
74,113,191,1
55,56,22,2
51,55,26,2
161,164,119,2
0,1,0,2
32,40,33,2
197,195,160,2
234,255,255,2
46,100,155,1
99,104,59,2
159,157,103,2
201,199,164,2
81,117,187,1
205,214,255,1
39,40,6,2
78,127,203,1
180,177,132,2
147,150,100,2
177,177,129,2
233,110,78,2
45,43,42,2
193,193,147,2
204,214,254,1
111,152,215,1
72,68,40,2
23,17,4,2
167,164,113,2
155,159,170,2
49,55,20,2
16,7,188,2
63,63,63,2
36,1,142,2
76,111,185,1
98,152,223,1
106,209,204,2
150,188,252,1
47,72,136,1
186,184,144,2
168,169,179,2
117,159,226,1
8,7,11,2
179,181,129,2
175,172,127,2
134,145,153,2
180,178,137,2
172,171,121,2
104,103,105,2
62,62,22,2
180,178,137,2
131,134,89,2
38,103,71,2
133,178,245,1
41,21,150,2
13,13,7,2
139,179,244,1
122,161,213,1
182,182,142,2
0,0,194,2
48,109,173,1
94,143,217,1
199,197,163,2
173,172,122,2
164,163,113,2
175,190,239,1
162,179,222,1
100,136,190,1
129,163,222,1
171,171,125,2
241,229,229,2
39,50,34,2
172,186,239,1
155,193,255,1
42,42,12,2
177,174,129,2
86,91,100,2
142,182,247,1
4,2,0,2
124,163,215,1
150,184,227,1
94,29,14,2
47,50,34,2
46,45,24,2
35,34,6,2
69,78,121,1
45,46,12,2
111,150,212,1
199,198,164,2
27,37,21,2
53,58,19,2
179,178,134,2
0,0,255,2
4,0,5,2
115,119,172,1
113,152,221,1
143,146,97,2
146,148,96,2
136,139,90,2
12,10,2,2
165,163,115,2
73,143,112,2
178,175,131,2
171,169,121,2
6,4,157,2
2,0,0,2
182,181,137,2
184,184,138,2
170,169,119,2
40,41,7,2
182,179,135,2
53,54,15,2
107,94,102,2
176,174,126,2
66,69,24,2
167,188,240,1
201,200,162,2
178,175,130,2
160,162,126,2
1,191,0,2
21,22,2,2
27,30,15,2
154,158,117,2
140,144,95,2
133,136,97,2
139,139,85,2
192,191,153,2
135,155,18,2
3,183,4,2
178,178,132,2
6,6,0,2
10,7,2,2
159,162,123,2
104,149,206,1
2,246,255,2
141,139,85,2
138,140,88,2
190,184,139,2
248,250,250,2
181,179,138,2
180,179,135,2
145,184,246,1
49,96,150,1
186,185,141,2
52,93,142,1
47,24,216,2
199,194,161,2
159,162,123,2
182,179,134,2
247,251,252,2
137,75,105,2
44,101,152,1
121,120,62,2
203,204,162,2
20,17,2,2
205,204,170,2
227,214,82,2
171,174,135,2
164,162,114,2
172,171,121,2
169,178,127,2
70,72,26,2
179,179,133,2
136,171,215,1
95,142,216,1
171,168,123,2
164,162,114,2
197,210,255,1
81,78,50,2
130,169,221,1
58,60,41,2
187,175,133,2
49,103,163,1
81,54,204,2
165,163,115,2
58,53,32,2
178,176,128,2
35,34,8,2
148,147,86,2
195,193,158,2
176,173,122,2
198,196,162,2
150,188,253,1
0,0,255,2
199,198,160,2
155,161,126,2
18,255,248,2
117,153,217,1
144,188,249,1
71,73,31,2
91,89,41,2
127,160,229,1
197,195,160,2
181,180,136,2
203,201,207,2
58,60,18,2
170,168,120,2
48,103,154,1
42,208,237,2
172,168,120,2
55,56,24,2
2,0,183,2
170,184,233,1
143,143,89,2
66,89,51,2
119,120,58,2
179,177,129,2
235,193,158,2
23,23,17,2
64,87,135,1
173,172,121,2
55,56,22,2
53,54,20,2
182,179,135,2
202,201,163,2
161,165,130,2
151,172,234,1
182,178,137,2
117,120,175,1
255,254,253,2
195,193,152,2
81,88,131,1
99,144,225,1
13,12,0,2
152,190,254,1
145,163,228,1
197,195,160,2
8,6,6,2
106,84,250,2
138,183,250,1
20,17,2,2
179,176,132,2
19,17,6,2
15,15,1,2
59,59,59,2
130,134,99,2
112,111,53,2
98,91,152,2
172,169,124,2
95,95,47,2
80,130,196,1
131,160,227,1
174,174,128,2
132,132,132,2
171,186,235,1
180,177,132,2
170,186,228,1
133,132,74,2
95,99,152,1
158,156,102,2
5,0,2,2
51,52,18,2
180,181,139,2
62,63,23,2
70,75,46,2
148,153,108,2
205,204,170,2
176,175,124,2
73,76,27,2
128,132,91,2
173,170,125,2
158,181,136,2
199,197,162,2
149,186,254,1
12,10,0,2
156,160,125,2
77,80,31,2
1,2,0,2
255,0,0,2
82,81,37,2
152,153,133,2
178,175,131,2
172,173,131,2
197,197,157,2
107,142,206,1
132,128,104,2
136,138,96,2
72,73,31,2
48,21,231,2
178,178,132,2
149,150,100,2
157,177,232,1
0,0,188,2
183,180,136,2
201,196,163,2
163,162,112,2
189,190,180,2
177,177,129,2
71,71,25,2
165,164,113,2
29,29,5,2
102,132,161,1
176,174,126,2
79,54,204,2
138,139,89,2
165,182,233,1
31,31,7,2
166,184,237,1
143,161,224,1
201,200,162,2
138,134,85,2
142,133,130,2
163,161,113,2
52,99,153,1
200,199,161,2
37,90,140,1
182,179,135,2
0,2,184,2
165,163,115,2
162,169,124,2
2,132,102,2
205,204,170,2
162,199,255,1
162,161,117,2
66,63,166,2
15,14,0,2
195,193,152,2
176,175,131,2
128,255,0,2
175,174,130,2
169,165,116,2
180,179,135,2
111,152,215,1
125,137,143,2
108,149,218,1
170,169,119,2
201,197,162,2
202,200,165,2
53,54,20,2
200,198,164,2
8,7,0,2
127,163,227,1
23,21,3,2
100,144,221,1
114,146,217,1
53,57,22,2
25,29,18,2
83,119,189,1
199,197,162,2
30,31,5,2
200,198,163,2
156,95,217,2
169,172,127,2
128,130,84,2
177,91,145,2
55,103,167,1
133,143,97,2
193,192,154,2
193,190,145,2
52,93,142,1
177,176,126,2
107,147,212,1
13,13,0,2
137,182,249,1
45,99,152,1
3,2,0,2
198,199,157,2
150,191,254,1
201,200,162,2
61,62,20,2
0,0,255,2
44,68,126,1
164,163,112,2
63,68,23,2
195,194,156,2
156,193,255,1
167,166,116,2
198,195,164,2
41,41,17,2
53,54,20,2
184,183,139,2
115,116,66,2
162,165,119,2
48,49,40,2
175,176,132,2
165,164,114,2
175,172,127,2
189,187,152,2
150,175,239,1
61,61,21,2
118,157,209,1
45,103,155,1
45,92,143,1
16,14,6,2
107,182,106,2
198,196,162,2
78,91,129,1
4,2,1,2
177,191,243,1
102,140,204,1
130,134,93,2
59,126,195,1
167,164,113,2
118,117,59,2
141,144,95,2
179,177,129,2
148,180,229,1
68,69,25,2
171,170,119,2
13,255,255,2
109,115,168,1
132,135,90,2
181,178,134,2
124,157,226,1
155,158,119,2
115,157,210,1
140,140,86,2
61,105,158,1
178,179,137,2
202,201,163,2
56,57,25,2
50,52,16,2
155,162,125,2
15,12,0,2
168,166,112,2
197,196,162,2
124,170,224,1
60,60,46,2
151,154,108,2
39,38,17,2
85,87,41,2
96,100,153,1
151,163,227,1
50,50,36,2
15,13,2,2
40,9,230,2
251,249,191,2
164,163,113,2
55,56,22,2
53,97,144,1
11,5,166,2
192,190,150,2
36,27,131,2
98,117,168,1
41,37,12,2
71,74,28,2
32,33,7,2
115,227,249,2
128,255,255,2
195,193,153,2
193,192,148,2
147,176,221,1
15,14,0,2
172,171,121,2
187,186,142,2
199,197,162,2
131,170,222,1
175,186,118,2
65,121,176,1
112,149,205,1
102,152,228,1
186,112,178,2
172,170,122,2
3,5,0,2
50,102,148,1
201,199,164,2
16,15,1,2
178,176,128,2
61,63,27,2
142,170,235,1
55,60,21,2
12,40,17,2
2,1,3,2
0,1,2,2
124,163,215,1
154,166,230,1
164,164,116,2
101,94,155,2
164,163,113,2
242,247,250,2
107,151,222,1
145,147,105,2
192,195,203,2
167,166,115,2
95,150,225,1
202,125,69,2
98,144,221,1
187,186,160,2
231,213,76,2
178,175,131,2
73,75,29,2
166,163,112,2
48,255,255,2
165,164,114,2
176,190,243,1
246,251,250,2
128,255,255,2
54,55,21,2
202,201,163,2
138,179,228,1
168,185,241,1
54,54,18,2
21,22,2,2
198,198,158,2
175,172,127,2
215,217,205,2
149,152,106,2
118,117,59,2
126,197,194,2
177,176,125,2
139,176,228,1
144,166,231,1
111,110,54,2
158,187,232,1
9,148,50,2
181,176,131,2
173,172,122,2
152,185,230,1
251,253,254,2
181,175,134,2
74,76,30,2
188,185,164,2
122,121,63,2
53,52,18,2
173,187,240,1
153,152,94,2
201,200,162,2
99,101,55,2
176,173,129,2
170,171,129,2
161,160,109,2
76,135,204,1
182,177,138,2
164,163,113,2
132,136,101,2
138,141,92,2
107,145,199,1
158,161,122,2
181,178,134,2
238,244,249,2
136,132,83,2
135,139,104,2
223,193,92,2
197,195,161,2
183,180,136,2
173,142,97,2
0,1,1,2
194,193,155,2
173,168,129,2
154,157,125,2
255,254,255,2
126,58,105,2
78,105,172,1
130,159,226,1
108,94,106,2
149,153,117,2
154,155,105,2
121,154,223,1
189,187,147,2
86,53,214,2
43,42,8,2
138,139,89,2
245,250,249,2
44,95,151,1
190,191,149,2
98,116,169,1
201,200,162,2
106,209,204,2
199,195,160,2
1,2,0,2
178,173,128,2
123,154,223,1
149,170,231,1
81,84,35,2
16,8,185,2
177,176,126,2
177,176,132,2
141,140,82,2
16,200,254,2
193,192,154,2
16,13,0,2
170,166,117,2
73,76,27,2
181,178,134,2
125,184,234,2
63,65,43,2
228,210,203,2
35,34,8,2
170,184,233,1
0,1,1,2
180,177,132,2
104,132,102,2
58,56,46,2
146,170,230,1
189,183,140,2
172,184,232,1
14,14,0,2
175,173,125,2
179,178,134,2
180,178,137,2
142,132,252,2
175,175,129,2
57,125,192,1
175,175,129,2
56,61,22,2
119,149,208,1
165,163,122,2
59,103,156,1
20,17,2,2
127,157,212,1
37,40,8,2
140,139,83,2
94,94,34,2
95,142,223,1
129,131,89,2
139,75,97,2
125,50,124,2
55,56,16,2
138,139,89,2
151,150,99,2
17,18,8,2
24,25,15,2
197,195,161,2
93,91,37,2
181,179,131,2
219,203,191,2
161,161,121,2
188,186,146,2
54,55,21,2
29,30,10,2
59,58,14,2
79,80,30,2
59,59,59,2
58,62,21,2
63,64,20,2
131,131,95,2
89,88,37,2
51,51,51,2
149,152,103,2
173,171,123,2
201,212,255,1
201,200,162,2
164,164,118,2
49,95,142,1
163,162,142,2
122,156,215,1
125,76,92,2
56,53,38,2
52,52,16,2
173,187,239,1
191,192,148,2
21,45,27,2
173,141,98,2
161,158,107,2
138,136,82,2
219,204,188,2
156,160,125,2
200,199,161,2
183,187,182,2
146,166,231,1
171,187,230,1
187,186,142,2
186,185,141,2
167,211,255,1
60,59,15,2
0,0,185,2
201,200,162,2
116,84,9,2
105,78,64,2
166,166,120,2
158,161,116,2
181,178,133,2
163,177,229,1
170,170,122,2
133,137,88,2
100,108,55,2
154,157,112,2
107,99,110,2
51,106,151,1
54,55,21,2
187,187,147,2
34,36,7,2
90,121,184,1
118,164,218,1
164,160,112,2
178,175,131,2
163,162,111,2
26,31,29,2
66,68,22,2
155,157,135,2
158,159,119,2
186,180,137,2
128,255,255,2
167,166,115,2
157,161,126,2
176,174,126,2
171,170,119,2
49,50,16,2
53,57,21,2
170,169,118,2
128,128,128,2
94,96,50,2
55,56,17,2
167,165,111,2
95,146,226,1
236,243,246,2
183,183,137,2
196,194,159,2
189,211,209,2
75,78,32,2
166,182,228,1
130,134,93,2
205,203,173,2
172,186,235,1
2,3,1,2
178,175,131,2
148,186,216,1
168,164,115,2
183,182,138,2
54,55,21,2
138,142,93,2
198,198,158,2
32,33,7,2
173,174,132,2
20,17,2,2
221,226,255,1
2,139,108,2
104,143,205,1
64,64,18,2
142,141,85,2
186,186,140,2
79,80,30,2
170,169,119,2
159,162,113,2
58,100,83,2
120,161,210,1
151,175,235,1
92,88,147,2
183,180,135,2
121,121,67,2
199,197,163,2
54,55,21,2
82,48,208,2
198,196,161,2
107,82,250,2
79,88,126,1
177,178,134,2
156,193,255,1
199,197,163,2
154,192,255,1
92,118,142,1
236,222,216,2
163,162,112,2
41,205,217,2
203,202,168,2
72,74,28,2
78,84,131,1
63,133,200,1
167,163,114,2
95,142,216,1
59,60,34,2
62,127,202,1
149,149,101,2
184,181,137,2
167,165,124,2
35,37,7,2
156,160,119,2
146,188,253,1
173,178,109,2
51,102,164,1
48,50,14,2
92,10,0,2
148,186,250,1
172,173,131,2
188,186,145,2
181,178,134,2
51,51,11,2
42,95,146,1
136,145,88,2
35,74,42,2
130,161,230,1
154,156,110,2
1,4,0,2
22,48,25,2
182,181,137,2
127,101,85,2
142,140,86,2
55,54,26,2
179,176,131,2
202,198,163,2
177,174,129,2
180,180,132,2
149,189,241,1
138,141,92,2
174,172,124,2
205,203,173,2
56,57,23,2
34,33,23,2
139,166,230,1
144,143,87,2
165,186,248,1
160,163,124,2
100,147,221,1
165,165,117,2
138,140,88,2
193,92,118,2
159,161,125,2
181,178,134,2
140,145,94,2
49,66,123,1
